firstName,lastName,movieTitle,releaseYear,categoryName,iteration,isWinner
Frank,Borzage,7th Heaven,1927,Best Directing,1st,yes
Herbert,Brenon,Sorrell and Son,1927,Best Directing,1st,no
King,Vidor,The Crowd,1927,Best Directing,1st,no
Lewis,Milestone,Two Arabian Knights,1927,Best Directing,1st,yes
Ted,Wilde,Speedy,1927,Best Directing,1st,no
Charlie,Chaplin,The Circus,1927,Best Directing,1st,no
Frank,Lloyd,The Divine Lady,1928,Best Directing,2nd,yes
Lionel,Barrymore,Madame X,1928,Best Directing,2nd,no
Harry,Beaumont,The Broadway Melody,1928,Best Directing,2nd,no
Irving,Cummings,In Old Arizona,1928,Best Directing,2nd,no
Ernst,Lubitsch,The Patriot,1928,Best Directing,2nd,no
Lewis,Milestone,All Quiet on the Western Front,1929,Best Directing,3rd,yes
Clarence,Brown,Anna Christie,1929,Best Directing,3rd,no
Robert,Z. Leonard,The Divorcee,1929,Best Directing,3rd,no
Ernst,Lubitsch,The Love Parade,1929,Best Directing,3rd,no
King,Vidor,Hallelujah!,1929,Best Directing,3rd,no
Norman,Taurog,Skippy,1930,Best Directing,4th,yes
Clarence,Brown,A Free Soul,1930,Best Directing,4th,no
Lewis,Milestone,The Front Page,1930,Best Directing,4th,no
Wesley,Ruggles,Cimarron,1930,Best Directing,4th,no
Josef,von Sternberg,Morocco,1930,Best Directing,4th,no
Frank,Borzage,Bad Girl,1931,Best Directing,5th,yes
King,Vidor,The Champ,1931,Best Directing,5th,no
Josef,von Sternberg,Shanghai Express,1931,Best Directing,5th,no
Frank,Lloyd,Cavalcade,1932,Best Directing,6th,yes
Frank,Capra,Lady for a Day,1932,Best Directing,6th,no
George,Cukor,Little Women,1932,Best Directing,6th,no
Frank,Capra,It Happened One Night,1934,Best Directing,7th,yes
Victor,Schertzinger,One Night of Love,1934,Best Directing,7th,no
W.,S. Van Dyke,The Thin Man,1934,Best Directing,7th,no
John,Ford,The Informer,1935,Best Directing,8th,yes
Henry,Hathaway,The Lives of a Bengal Lancer,1935,Best Directing,8th,no
Frank,Lloyd,Mutiny on the Bounty,1935,Best Directing,8th,no
Michael,Curtiz,Captain Blood,1935,Best Directing,8th,no
Frank,Capra,Mr. Deeds Goes to Town,1936,Best Directing,9th,yes
Gregory,La Cava,My Man Godfrey,1936,Best Directing,9th,no
Robert,Z. Leonard,The Great Ziegfeld,1936,Best Directing,9th,no
W.,S. Van Dyke,San Francisco,1936,Best Directing,9th,no
William,Wyler,Dodsworth,1936,Best Directing,9th,no
Leo,McCarey,The Awful Truth,1937,Best Directing,10th,yes
William,Dieterle,The Life of Emile Zola,1937,Best Directing,10th,no
Sidney,Franklin,The Good Earth,1937,Best Directing,10th,no
Gregory,La Cava,Stage Door,1937,Best Directing,10th,no
William,A. Wellman,A Star Is Born,1937,Best Directing,10th,no
Frank,Capra,You Can't Take It with You,1938,Best Directing,11th,yes
Michael,Curtiz,Angels with Dirty Faces,1938,Best Directing,11th,no
Norman,Taurog,Boys Town,1938,Best Directing,11th,no
King,Vidor,The Citadel,1938,Best Directing,11th,no
Victor,Fleming,Gone with the Wind,1939,Best Directing,12th,yes
Frank,Capra,Mr. Smith Goes to Washington,1939,Best Directing,12th,no
John,Ford,Stagecoach,1939,Best Directing,12th,no
Sam,Wood,"Goodbye, Mr. Chips",1939,Best Directing,12th,no
William,Wyler,Wuthering Heights,1939,Best Directing,12th,no
John,Ford,The Grapes of Wrath,1940,Best Directing,13th,yes
George,Cukor,The Philadelphia Story,1940,Best Directing,13th,no
Alfred,Hitchcock,Rebecca,1940,Best Directing,13th,no
Sam,Wood,Kitty Foyle,1940,Best Directing,13th,no
William,Wyler,The Letter,1940,Best Directing,13th,no
John,Ford,How Green Was My Valley,1941,Best Directing,14th,yes
Alexander,Hall,Here Comes Mr. Jordan,1941,Best Directing,14th,no
Howard,Hawks,Sergeant York,1941,Best Directing,14th,no
Orson,Welles,Citizen Kane,1941,Best Directing,14th,no
William,Wyler,The Little Foxes,1941,Best Directing,14th,no
William,Wyler,Mrs. Miniver,1942,Best Directing,15th,yes
Michael,Curtiz,Yankee Doodle Dandy,1942,Best Directing,15th,no
John,Farrow,Wake Island,1942,Best Directing,15th,no
Mervyn,LeRoy,Random Harvest,1942,Best Directing,15th,no
Sam,Wood,Kings Row,1942,Best Directing,15th,no
Michael,Curtiz,Casablanca,1943,Best Directing,16th,yes
Clarence,Brown,The Human Comedy,1943,Best Directing,16th,no
Henry,King,The Song of Bernadette,1943,Best Directing,16th,no
Ernst,Lubitsch,Heaven Can Wait,1943,Best Directing,16th,no
George,Stevens,The More the Merrier,1943,Best Directing,16th,no
Leo,McCarey,Going My Way,1944,Best Directing,17th,yes
Alfred,Hitchcock,Lifeboat,1944,Best Directing,17th,no
Henry,King,Wilson,1944,Best Directing,17th,no
Otto,Preminger,Laura,1944,Best Directing,17th,no
Billy,Wilder,Double Indemnity,1944,Best Directing,17th,no
Billy,Wilder,The Lost Weekend,1945,Best Directing,18th,yes
Clarence,Brown,National Velvet,1945,Best Directing,18th,no
Alfred,Hitchcock,Spellbound,1945,Best Directing,18th,no
Leo,McCarey,The Bells of St. Mary's,1945,Best Directing,18th,no
Jean,Renoir,The Southerner,1945,Best Directing,18th,no
William,Wyler,The Best Years of Our Lives,1946,Best Directing,19th,yes
Clarence,Brown,The Yearling,1946,Best Directing,19th,no
Frank,Capra,It's a Wonderful Life,1946,Best Directing,19th,no
David,Lean,Brief Encounter,1946,Best Directing,19th,no
Robert,Siodmak,The Killers,1946,Best Directing,19th,no
Elia,Kazan,Gentleman's Agreement,1947,Best Directing,20th,yes
George,Cukor,A Double Life,1947,Best Directing,20th,no
Edward,Dmytryk,Crossfire,1947,Best Directing,20th,no
Henry,Koster,The Bishop's Wife,1947,Best Directing,20th,no
David,Lean,Great Expectations,1947,Best Directing,20th,no
John,Huston,The Treasure of the Sierra Madre,1948,Best Directing,21st,yes
Anatole,Litvak,The Snake Pit,1948,Best Directing,21st,no
Jean,Negulesco,Johnny Belinda,1948,Best Directing,21st,no
Laurence,Olivier,Hamlet,1948,Best Directing,21st,no
Fred,Zinnemann,The Search,1948,Best Directing,21st,no
Joseph,L. Mankiewicz,A Letter to Three Wives,1949,Best Directing,22nd,yes
Carol,Reed,The Fallen Idol,1949,Best Directing,22nd,no
Robert,Rossen,All the King's Men,1949,Best Directing,22nd,no
William,A. Wellman,Battleground,1949,Best Directing,22nd,no
William,Wyler,The Heiress,1949,Best Directing,22nd,no
Joseph,L. Mankiewicz,All About Eve,1950,Best Directing,23rd,yes
George,Cukor,Born Yesterday,1950,Best Directing,23rd,no
John,Huston,The Asphalt Jungle,1950,Best Directing,23rd,no
Carol,Reed,The Third Man,1950,Best Directing,23rd,no
Billy,Wilder,Sunset Boulevard,1950,Best Directing,23rd,no
George,Stevens,A Place in the Sun,1951,Best Directing,24th,yes
John,Huston,The African Queen,1951,Best Directing,24th,no
Elia,Kazan,A Streetcar Named Desire,1951,Best Directing,24th,no
Vincente,Minnelli,An American in Paris,1951,Best Directing,24th,no
William,Wyler,Detective Story,1951,Best Directing,24th,no
John,Ford,The Quiet Man,1952,Best Directing,25th,yes
Cecil,B. DeMille,The Greatest Show on Earth,1952,Best Directing,25th,no
John,Huston,Moulin Rouge,1952,Best Directing,25th,no
Joseph,L. Mankiewicz,5 Fingers,1952,Best Directing,25th,no
Fred,Zinnemann,High Noon,1952,Best Directing,25th,no
Fred,Zinnemann,From Here to Eternity,1953,Best Directing,26th,yes
George,Stevens,Shane,1953,Best Directing,26th,no
Charles,Walters,Lili,1953,Best Directing,26th,no
Billy,Wilder,Stalag 17,1953,Best Directing,26th,no
William,Wyler,Roman Holiday,1953,Best Directing,26th,no
Elia,Kazan,On the Waterfront,1954,Best Directing,27th,yes
Alfred,Hitchcock,Rear Window,1954,Best Directing,27th,no
George,Seaton,The Country Girl,1954,Best Directing,27th,no
William,A. Wellman,The High and the Mighty,1954,Best Directing,27th,no
Billy,Wilder,Sabrina,1954,Best Directing,27th,no
Delbert,Mann,Marty,1955,Best Directing,28th,yes
Elia,Kazan,East of Eden,1955,Best Directing,28th,no
David,Lean,Summertime,1955,Best Directing,28th,no
Joshua,Logan,Picnic,1955,Best Directing,28th,no
John,Sturges,Bad Day at Black Rock,1955,Best Directing,28th,no
George,Stevens,Giant,1956,Best Directing,29th,yes
Michael,Anderson,Around the World in 80 Days,1956,Best Directing,29th,no
Walter,Lang,The King and I,1956,Best Directing,29th,no
King,Vidor,War and Peace,1956,Best Directing,29th,no
William,Wyler,Friendly Persuasion,1956,Best Directing,29th,no
David,Lean,The Bridge on the River Kwai,1957,Best Directing,30th,yes
Joshua,Logan,Sayonara,1957,Best Directing,30th,no
Sidney,Lumet,12 Angry Men,1957,Best Directing,30th,no
Mark,Robson,Peyton Place,1957,Best Directing,30th,no
Billy,Wilder,Witness for the Prosecution,1957,Best Directing,30th,no
Vincente,Minnelli,Gigi,1958,Best Directing,31st,yes
Richard,Brooks,Cat on a Hot Tin Roof,1958,Best Directing,31st,no
Stanley,Kramer,The Defiant Ones,1958,Best Directing,31st,no
Mark,Robson,The Inn of the Sixth Happiness,1958,Best Directing,31st,no
Robert,Wise,I Want to Live!,1958,Best Directing,31st,no
William,Wyler,Ben-Hur,1959,Best Directing,32nd,yes
Jack,Clayton,Room at the Top,1959,Best Directing,32nd,no
George,Stevens,The Diary of Anne Frank,1959,Best Directing,32nd,no
Billy,Wilder,Some Like It Hot,1959,Best Directing,32nd,no
Fred,Zinnemann,The Nun's Story,1959,Best Directing,32nd,no
Billy,Wilder,The Apartment,1960,Best Directing,33rd,yes
Jack,Cardiff,Sons and Lovers,1960,Best Directing,33rd,no
Jules,Dassin,Never on Sunday,1960,Best Directing,33rd,no
Alfred,Hitchcock,Psycho,1960,Best Directing,33rd,no
Fred,Zinnemann,The Sundowners,1960,Best Directing,33rd,no
Robert,Wise,West Side Story,1961,Best Directing,34th,yes
Federico,Fellini,La Dolce Vita,1961,Best Directing,34th,no
Stanley,Kramer,Judgment at Nuremberg,1961,Best Directing,34th,no
Robert,Rossen,The Hustler,1961,Best Directing,34th,no
J.,Lee Thompson,The Guns of Navarone,1961,Best Directing,34th,no
David,Lean,Lawrence of Arabia,1962,Best Directing,35th,yes
Pietro,Germi,Divorce Italian Style,1962,Best Directing,35th,no
Robert,Mulligan,To Kill a Mockingbird,1962,Best Directing,35th,no
Arthur,Penn,The Miracle Worker,1962,Best Directing,35th,no
Frank,Perry,David and Lisa,1962,Best Directing,35th,no
Tony,Richardson,Tom Jones,1963,Best Directing,36th,yes
Federico,Fellini,8½,1963,Best Directing,36th,no
Elia,Kazan,America America,1963,Best Directing,36th,no
Otto,Preminger,The Cardinal,1963,Best Directing,36th,no
Martin,Ritt,Hud,1963,Best Directing,36th,no
George,Cukor,My Fair Lady,1964,Best Directing,37th,yes
Michael,Cacoyannis,Zorba the Greek,1964,Best Directing,37th,no
Peter,Glenville,Becket,1964,Best Directing,37th,no
Stanley,Kubrick,Dr. Strangelove,1964,Best Directing,37th,no
Robert,Stevenson,Mary Poppins,1964,Best Directing,37th,no
Robert,Wise,The Sound of Music,1965,Best Directing,38th,yes
David,Lean,Doctor Zhivago,1965,Best Directing,38th,no
John,Schlesinger,Darling,1965,Best Directing,38th,no
Hiroshi,Teshigahara,Woman in the Dunes,1965,Best Directing,38th,no
William,Wyler,The Collector,1965,Best Directing,38th,no
Fred,Zinnemann,A Man for All Seasons,1966,Best Directing,39th,yes
Michelangelo,Antonioni,Blowup,1966,Best Directing,39th,no
Richard,Brooks,The Professionals,1966,Best Directing,39th,no
Claude,Lelouch,A Man and a Woman,1966,Best Directing,39th,no
Mike,Nichols,Who's Afraid of Virginia Woolf?,1966,Best Directing,39th,no
Mike,Nichols,The Graduate,1967,Best Directing,40th,yes
Richard,Brooks,In Cold Blood,1967,Best Directing,40th,no
Norman,Jewison,In the Heat of the Night,1967,Best Directing,40th,no
Stanley,Kramer,Guess Who's Coming to Dinner,1967,Best Directing,40th,no
Arthur,Penn,Bonnie and Clyde,1967,Best Directing,40th,no
Carol,Reed,Oliver!,1968,Best Directing,41st,yes
Anthony,Harvey,The Lion in Winter,1968,Best Directing,41st,no
Stanley,Kubrick,2001: A Space Odyssey,1968,Best Directing,41st,no
Gillo,Pontecorvo,The Battle of Algiers,1968,Best Directing,41st,no
Franco,Zeffirelli,Romeo and Juliet,1968,Best Directing,41st,no
John,Schlesinger,Midnight Cowboy,1969,Best Directing,42nd,yes
Costa-Gavras,,Z,1969,Best Directing,42nd,no
George,Roy Hill,Butch Cassidy and the Sundance Kid,1969,Best Directing,42nd,no
Arthur,Penn,Alice's Restaurant,1969,Best Directing,42nd,no
Sydney,Pollack,"They Shoot Horses, Don't They?",1969,Best Directing,42nd,no
Franklin,J. Schaffner,Patton,1970,Best Directing,43rd,yes
Robert,Altman,M*A*S*H,1970,Best Directing,43rd,no
Federico,Fellini,Fellini Satyricon,1970,Best Directing,43rd,no
Arthur,Hiller,Love Story,1970,Best Directing,43rd,no
Ken,Russell,Women in Love,1970,Best Directing,43rd,no
William,Friedkin,The French Connection,1971,Best Directing,44th,yes
Peter,Bogdanovich,The Last Picture Show,1971,Best Directing,44th,no
Norman,Jewison,Fiddler on the Roof,1971,Best Directing,44th,no
Stanley,Kubrick,A Clockwork Orange,1971,Best Directing,44th,no
John,Schlesinger,Sunday Bloody Sunday,1971,Best Directing,44th,no
Bob,Fosse,Cabaret,1972,Best Directing,45th,yes
John,Boorman,Deliverance,1972,Best Directing,45th,no
Francis,Ford Coppola,The Godfather,1972,Best Directing,45th,no
Joseph,L. Mankiewicz,Sleuth,1972,Best Directing,45th,no
Jan,Troell,The Emigrants,1972,Best Directing,45th,no
George,Roy Hill,The Sting,1973,Best Directing,46th,yes
Ingmar,Bergman,Cries and Whispers,1973,Best Directing,46th,no
Bernardo,Bertolucci,Last Tango in Paris,1973,Best Directing,46th,no
William,Friedkin,The Exorcist,1973,Best Directing,46th,no
George,Lucas,American Graffiti,1973,Best Directing,46th,no
Francis,Ford Coppola,The Godfather Part II,1974,Best Directing,47th,yes
John,Cassavetes,A Woman Under the Influence,1974,Best Directing,47th,no
Bob,Fosse,Lenny,1974,Best Directing,47th,no
Roman,Polanski,Chinatown,1974,Best Directing,47th,no
François,Truffaut,Day for Night,1974,Best Directing,47th,no
Miloš,Forman,One Flew Over the Cuckoo's Nest,1975,Best Directing,48th,yes
Robert,Altman,Nashville,1975,Best Directing,48th,no
Federico,Fellini,Amarcord,1975,Best Directing,48th,no
Stanley,Kubrick,Barry Lyndon,1975,Best Directing,48th,no
Sidney,Lumet,Dog Day Afternoon,1975,Best Directing,48th,no
John,G. Avildsen,Rocky,1976,Best Directing,49th,yes
Ingmar,Bergman,Face to Face,1976,Best Directing,49th,no
Sidney,Lumet,Network,1976,Best Directing,49th,no
Alan,J. Pakula,All the President's Men,1976,Best Directing,49th,no
Lina,Wertmüller,Seven Beauties,1976,Best Directing,49th,no
Woody,Allen,Annie Hall,1977,Best Directing,50th,yes
George,Lucas,Star Wars,1977,Best Directing,50th,no
Herbert,Ross,The Turning Point,1977,Best Directing,50th,no
Steven,Spielberg,Close Encounters of the Third Kind,1977,Best Directing,50th,no
Fred,Zinnemann,Julia,1977,Best Directing,50th,no
Michael,Cimino,The Deer Hunter,1978,Best Directing,51st,yes
Woody,Allen,Interiors,1978,Best Directing,51st,no
Hal,Ashby,Coming Home,1978,Best Directing,51st,no
Warren,Beatty,Heaven Can Wait,1978,Best Directing,51st,no
Alan,Parker,Midnight Express,1978,Best Directing,51st,no
Robert,Benton,Kramer vs. Kramer,1979,Best Directing,52nd,yes
Francis,Ford Coppola,Apocalypse Now,1979,Best Directing,52nd,no
Bob,Fosse,All That Jazz,1979,Best Directing,52nd,no
Édouard,Molinaro,La Cage aux Folles,1979,Best Directing,52nd,no
Peter,Yates,Breaking Away,1979,Best Directing,52nd,no
Robert,Redford,Ordinary People,1980,Best Directing,53rd,yes
David,Lynch,The Elephant Man,1980,Best Directing,53rd,no
Roman,Polanski,Tess,1980,Best Directing,53rd,no
Richard,Rush,The Stunt Man,1980,Best Directing,53rd,no
Martin,Scorsese,Raging Bull,1980,Best Directing,53rd,no
Warren,Beatty,Reds,1981,Best Directing,54th,yes
Hugh,Hudson,Chariots of Fire,1981,Best Directing,54th,no
Louis,Malle,Atlantic City,1981,Best Directing,54th,no
Mark,Rydell,On Golden Pond,1981,Best Directing,54th,no
Steven,Spielberg,Raiders of the Lost Ark,1981,Best Directing,54th,no
Richard,Attenborough,Gandhi,1982,Best Directing,55th,yes
Sidney,Lumet,The Verdict,1982,Best Directing,55th,no
Wolfgang,Petersen,Das Boot,1982,Best Directing,55th,no
Sydney,Pollack,Tootsie,1982,Best Directing,55th,no
Steven,Spielberg,E.T. the Extra-Terrestrial,1982,Best Directing,55th,no
James,L. Brooks,Terms of Endearment,1983,Best Directing,56th,yes
Bruce,Beresford,Tender Mercies,1983,Best Directing,56th,no
Ingmar,Bergman,Fanny and Alexander,1983,Best Directing,56th,no
Mike,Nichols,Silkwood,1983,Best Directing,56th,no
Peter,Yates,The Dresser,1983,Best Directing,56th,no
Miloš,Forman,Amadeus,1984,Best Directing,57th,yes
Woody,Allen,Broadway Danny Rose,1984,Best Directing,57th,no
Robert,Benton,Places in the Heart,1984,Best Directing,57th,no
Roland,Joffé,The Killing Fields,1984,Best Directing,57th,no
David,Lean,A Passage to India,1984,Best Directing,57th,no
Sydney,Pollack,Out of Africa,1985,Best Directing,58th,yes
Héctor,Babenco,Kiss of the Spider Woman,1985,Best Directing,58th,no
John,Huston,Prizzi's Honor,1985,Best Directing,58th,no
Akira,Kurosawa,Ran,1985,Best Directing,58th,no
Peter,Weir,Witness,1985,Best Directing,58th,no
Oliver,Stone,Platoon,1986,Best Directing,59th,yes
Woody,Allen,Hannah and Her Sisters,1986,Best Directing,59th,no
James,Ivory,A Room with a View,1986,Best Directing,59th,no
Roland,Joffé,The Mission,1986,Best Directing,59th,no
David,Lynch,Blue Velvet,1986,Best Directing,59th,no
Bernardo,Bertolucci,The Last Emperor,1987,Best Directing,60th,yes
John,Boorman,Hope and Glory,1987,Best Directing,60th,no
Lasse,Hallström,My Life as a Dog,1987,Best Directing,60th,no
Norman,Jewison,Moonstruck,1987,Best Directing,60th,no
Adrian,Lyne,Fatal Attraction,1987,Best Directing,60th,no
Barry,Levinson,Rain Man,1988,Best Directing,61st,yes
Charles,Crichton,A Fish Called Wanda,1988,Best Directing,61st,no
Mike,Nichols,Working Girl,1988,Best Directing,61st,no
Alan,Parker,Mississippi Burning,1988,Best Directing,61st,no
Martin,Scorsese,The Last Temptation of Christ,1988,Best Directing,61st,no
Oliver,Stone,Born on the Fourth of July,1989,Best Directing,62nd,yes
Woody,Allen,Crimes and Misdemeanors,1989,Best Directing,62nd,no
Kenneth,Branagh,Henry V,1989,Best Directing,62nd,no
Jim,Sheridan,My Left Foot,1989,Best Directing,62nd,no
Peter,Weir,Dead Poets Society,1989,Best Directing,62nd,no
Kevin,Costner,Dances with Wolves,1990,Best Directing,63rd,yes
Francis,Ford Coppola,The Godfather Part III,1990,Best Directing,63rd,no
Stephen,Frears,The Grifters,1990,Best Directing,63rd,no
Barbet,Schroeder,Reversal of Fortune,1990,Best Directing,63rd,no
Martin,Scorsese,Goodfellas,1990,Best Directing,63rd,no
Jonathan,Demme,The Silence of the Lambs,1991,Best Directing,64th,yes
Barry,Levinson,Bugsy,1991,Best Directing,64th,no
Ridley,Scott,Thelma & Louise,1991,Best Directing,64th,no
John,Singleton,Boyz n the Hood,1991,Best Directing,64th,no
Oliver,Stone,JFK,1991,Best Directing,64th,no
Clint,Eastwood,Unforgiven,1992,Best Directing,65th,yes
Robert,Altman,The Player,1992,Best Directing,65th,no
Martin,Brest,Scent of a Woman,1992,Best Directing,65th,no
James,Ivory,Howards End,1992,Best Directing,65th,no
Neil,Jordan,The Crying Game,1992,Best Directing,65th,no
Steven,Spielberg,Schindler's List,1993,Best Directing,66th,yes
Robert,Altman,Short Cuts,1993,Best Directing,66th,no
Jane,Campion,The Piano,1993,Best Directing,66th,no
James,Ivory,The Remains of the Day,1993,Best Directing,66th,no
Jim,Sheridan,In the Name of the Father,1993,Best Directing,66th,no
Robert,Zemeckis,Forrest Gump,1994,Best Directing,67th,yes
Woody,Allen,Bullets over Broadway,1994,Best Directing,67th,no
Krzysztof,Kieślowski,Three Colours: Red,1994,Best Directing,67th,no
Robert,Redford,Quiz Show,1994,Best Directing,67th,no
Quentin,Tarantino,Pulp Fiction,1994,Best Directing,67th,no
Mel,Gibson,Braveheart,1995,Best Directing,68th,yes
Mike,Figgis,Leaving Las Vegas,1995,Best Directing,68th,no
Chris,Noonan,Babe,1995,Best Directing,68th,no
Michael,Radford,Il Postino: The Postman,1995,Best Directing,68th,no
Tim,Robbins,Dead Man Walking,1995,Best Directing,68th,no
Anthony,Minghella,The English Patient,1996,Best Directing,69th,yes
Joel,Coen,Fargo,1996,Best Directing,69th,no
Miloš,Forman,The People vs. Larry Flynt,1996,Best Directing,69th,no
Scott,Hicks,Shine,1996,Best Directing,69th,no
Mike,Leigh,Secrets & Lies,1996,Best Directing,69th,no
James,Cameron,Titanic,1997,Best Directing,70th,yes
Peter,Cattaneo,The Full Monty,1997,Best Directing,70th,no
Atom,Egoyan,The Sweet Hereafter,1997,Best Directing,70th,no
Curtis,Hanson,L.A. Confidential,1997,Best Directing,70th,no
Gus,Van Sant,Good Will Hunting,1997,Best Directing,70th,no
Steven,Spielberg,Saving Private Ryan,1998,Best Directing,71st,yes
Roberto,Benigni,Life Is Beautiful,1998,Best Directing,71st,no
John,Madden,Shakespeare in Love,1998,Best Directing,71st,no
Terrence,Malick,The Thin Red Line,1998,Best Directing,71st,no
Peter,Weir,The Truman Show,1998,Best Directing,71st,no
Sam,Mendes,American Beauty,1999,Best Directing,72nd,yes
Lasse,Hallström,The Cider House Rules,1999,Best Directing,72nd,no
Spike,Jonze,Being John Malkovich,1999,Best Directing,72nd,no
Michael,Mann,The Insider,1999,Best Directing,72nd,no
M.,Night Shyamalan,The Sixth Sense,1999,Best Directing,72nd,no
Steven,Soderbergh,Traffic,2000,Best Directing,73rd,yes
Stephen,Daldry,Billy Elliot,2000,Best Directing,73rd,no
Ang,Lee,"Crouching Tiger, Hidden Dragon",2000,Best Directing,73rd,no
Ridley,Scott,Gladiator,2000,Best Directing,73rd,no
Ron,Howard,A Beautiful Mind,2001,Best Directing,74th,yes
Robert,Altman,Gosford Park,2001,Best Directing,74th,no
Peter,Jackson,The Lord of the Rings: The Fellowship of the Ring,2001,Best Directing,74th,no
David,Lynch,Mulholland Drive,2001,Best Directing,74th,no
Ridley,Scott,Black Hawk Down,2001,Best Directing,74th,no
Roman,Polanski,The Pianist,2002,Best Directing,75th,yes
Pedro,Almodóvar,Talk to Her,2002,Best Directing,75th,no
Stephen,Daldry,The Hours,2002,Best Directing,75th,no
Rob,Marshall,Chicago,2002,Best Directing,75th,no
Martin,Scorsese,Gangs of New York,2002,Best Directing,75th,no
Peter,Jackson,The Lord of the Rings: The Return of the King,2003,Best Directing,76th,yes
Sofia,Coppola,Lost in Translation,2003,Best Directing,76th,no
Clint,Eastwood,Mystic River,2003,Best Directing,76th,no
Fernando,Meirelles,City of God,2003,Best Directing,76th,no
Peter,Weir,Master and Commander: The Far Side of the World,2003,Best Directing,76th,no
Clint,Eastwood,Million Dollar Baby,2004,Best Directing,77th,yes
Taylor,Hackford,Ray,2004,Best Directing,77th,no
Mike,Leigh,Vera Drake,2004,Best Directing,77th,no
Alexander,Payne,Sideways,2004,Best Directing,77th,no
Martin,Scorsese,The Aviator,2004,Best Directing,77th,no
Ang,Lee,Brokeback Mountain,2005,Best Directing,78th,yes
George,Clooney,"Good Night, and Good Luck",2005,Best Directing,78th,no
Paul,Haggis,Crash,2005,Best Directing,78th,no
Bennett,Miller,Capote,2005,Best Directing,78th,no
Steven,Spielberg,Munich,2005,Best Directing,78th,no
Martin,Scorsese,The Departed,2006,Best Directing,79th,yes
Clint,Eastwood,Letters from Iwo Jima,2006,Best Directing,79th,no
Stephen,Frears,The Queen,2006,Best Directing,79th,no
Paul,Greengrass,United 93,2006,Best Directing,79th,no
Alejandro,González Iñárritu,Babel,2006,Best Directing,79th,no
Joel,Coen and Ethan Coen,No Country for Old Men,2007,Best Directing,80th,yes
Paul,Thomas Anderson,There Will Be Blood,2007,Best Directing,80th,no
Tony,Gilroy,Michael Clayton,2007,Best Directing,80th,no
Jason,Reitman,Juno,2007,Best Directing,80th,no
Julian,Schnabel,The Diving Bell and the Butterfly,2007,Best Directing,80th,no
Danny,Boyle,Slumdog Millionaire,2008,Best Directing,81st,yes
Stephen,Daldry,The Reader,2008,Best Directing,81st,no
David,Fincher,The Curious Case of Benjamin Button,2008,Best Directing,81st,no
Ron,Howard,Frost/Nixon,2008,Best Directing,81st,no
Gus,Van Sant,Milk,2008,Best Directing,81st,no
Kathryn,Bigelow,The Hurt Locker,2009,Best Directing,82nd,yes
James,Cameron,Avatar,2009,Best Directing,82nd,no
Lee,Daniels,Precious,2009,Best Directing,82nd,no
Jason,Reitman,Up in the Air,2009,Best Directing,82nd,no
Quentin,Tarantino,Inglourious Basterds,2009,Best Directing,82nd,no
Tom,Hooper,The King's Speech,2010,Best Directing,83rd,yes
Darren,Aronofsky,Black Swan,2010,Best Directing,83rd,no
Joel,Coen and Ethan Coen,True Grit,2010,Best Directing,83rd,no
David,Fincher,The Social Network,2010,Best Directing,83rd,no
David,O. Russell,The Fighter,2010,Best Directing,83rd,no
Michel,Hazanavicius,The Artist,2011,Best Directing,84th,yes
Woody,Allen,Midnight in Paris,2011,Best Directing,84th,no
Terrence,Malick,The Tree of Life,2011,Best Directing,84th,no
Alexander,Payne,The Descendants,2011,Best Directing,84th,no
Martin,Scorsese,Hugo,2011,Best Directing,84th,no
Ang,Lee,Life of Pi,2012,Best Directing,85th,yes
Michael,Haneke,Amour,2012,Best Directing,85th,no
David,O. Russell,Silver Linings Playbook,2012,Best Directing,85th,no
Steven,Spielberg,Lincoln,2012,Best Directing,85th,no
Benh,Zeitlin,Beasts of the Southern Wild,2012,Best Directing,85th,no
Alfonso,Cuarón,Gravity,2013,Best Directing,86th,yes
Steve,McQueen,12 Years a Slave,2013,Best Directing,86th,no
Alexander,Payne,Nebraska,2013,Best Directing,86th,no
David,O. Russell,American Hustle,2013,Best Directing,86th,no
Martin,Scorsese,The Wolf of Wall Street,2013,Best Directing,86th,no
Alejandro,G. Iñárritu,Birdman,2014,Best Directing,87th,yes
Wes,Anderson,The Grand Budapest Hotel,2014,Best Directing,87th,no
Richard,Linklater, ,2014,Best Directing,87th,no
Bennett,Miller,Foxcatcher,2014,Best Directing,87th,no
Morten,Tyldum,The Imitation Game,2014,Best Directing,87th,no
Alejandro,G. Iñárritu,The Revenant,2015,Best Directing,88th,yes
Lenny,Abrahamson,Room,2015,Best Directing,88th,no
Tom,McCarthy,Spotlight,2015,Best Directing,88th,no
Adam,McKay,The Big Short,2015,Best Directing,88th,no
George,Miller,Mad Max: Fury Road,2015,Best Directing,88th,no
Damien,Chazelle,La La Land,2016,Best Directing,89th,yes
Mel,Gibson,Hacksaw Ridge,2016,Best Directing,89th,no
Barry,Jenkins,Moonlight,2016,Best Directing,89th,no
Kenneth,Lonergan,Manchester by the Sea,2016,Best Directing,89th,no
Denis,Villeneuve,Arrival,2016,Best Directing,89th,no
Guillermo,del Toro,The Shape of Water,2017,Best Directing,90th,yes
Paul,Thomas Anderson,Phantom Thread,2017,Best Directing,90th,no
Greta,Gerwig,Lady Bird,2017,Best Directing,90th,no
Christopher,Nolan,Dunkirk,2017,Best Directing,90th,no
Jordan,Peele,Get Out,2017,Best Directing,90th,no
Alfonso,Cuarón,Roma,2018,Best Directing,91st,yes
Yorgos,Lanthimos,The Favourite,2018,Best Directing,91st,no
Spike,Lee,BlacKkKlansman,2018,Best Directing,91st,no
Adam,McKay,Vice,2018,Best Directing,91st,no
Paweł,Pawlikowski,Cold War,2018,Best Directing,91st,no
Bong,Joon-ho,Parasite,2019,Best Directing,92nd,yes
Sam,Mendes,1917,2019,Best Directing,92nd,no
Todd,Phillips,Joker,2019,Best Directing,92nd,no
Martin,Scorsese,The Irishman,2019,Best Directing,92nd,no
Quentin,Tarantino,Once Upon a Time in Hollywood,2019,Best Directing,92nd,no
Chloé,Zhao,Nomadland,2020,Best Directing,93rd,yes
Lee,Isaac Chung,Minari,2020,Best Directing,93rd,no
Emerald,Fennell,Promising Young Woman,2020,Best Directing,93rd,no
David,Fincher,Mank,2020,Best Directing,93rd,no
Thomas,Vinterberg,Another Round,2020,Best Directing,93rd,no
Jane,Campion,The Power of the Dog,2021,Best Directing,94th,yes
Paul,Thomas Anderson,Licorice Pizza,2021,Best Directing,94th,no
Kenneth,Branagh,Belfast,2021,Best Directing,94th,no
Ryusuke,Hamaguchi,Drive My Car,2021,Best Directing,94th,no
Steven,Spielberg,West Side Story,2021,Best Directing,94th,no
Daniel,Kwan and Daniel Scheinert,Everything Everywhere All at Once,2022,Best Directing,95th,yes
Todd,Field,Tár,2022,Best Directing,95th,no
Martin,McDonagh,The Banshees of Inisherin,2022,Best Directing,95th,no
Ruben,Östlund,Triangle of Sadness,2022,Best Directing,95th,no
Steven,Spielberg,The Fabelmans,2022,Best Directing,95th,no
Christopher,Nolan,Oppenheimer,2023,Best Directing,96th,yes
Jonathan,Glazer,The Zone of Interest,2023,Best Directing,96th,no
Yorgos,Lanthimos,Poor Things,2023,Best Directing,96th,no
Martin,Scorsese,Killers of the Flower Moon,2023,Best Directing,96th,no
Justine,Triet,Anatomy of a Fall,2023,Best Directing,96th,no
Sean,Baker,Anora,2024,Best Directing,97th,yes
Jacques,Audiard,Emilia Pérez,2024,Best Directing,97th,no
Brady,Corbet,The Brutalist,2024,Best Directing,97th,no
Coralie,Fargeat,The Substance,2024,Best Directing,97th,no
James,Mangold,A Complete Unknown,2024,Best Directing,97th,no