firstName,lastName,movieTitle,releaseYear,categoryName,iteration,isWinner
Emil,Jannings,The Last Command,1927,Best Actor in a Leading Role,1st,yes
Emil,Jannings,The Way of All Flesh,1927,Best Actor in a Leading Role,1st,yes
Richard,Barthelmess,The Noose,1927,Best Actor in a Leading Role,1st,no
Charlie,Chaplin,The Circus,1927,Best Actor in a Leading Role,1st,no
Warner,Baxter,In Old Arizona,1928,Best Actor in a Leading Role,2nd,yes
George,Bancroft,Thunderbolt,1928,Best Actor in a Leading Role,2nd,no
Chester,Morris,Alibi,1928,Best Actor in a Leading Role,2nd,no
Paul,Muni,The Valiant,1928,Best Actor in a Leading Role,2nd,no
Lewis,Stone,The Patriot,1928,Best Actor in a Leading Role,2nd,no
George,Arliss,Disraeli,1929,Best Actor in a Leading Role,3rd,yes
Wallace,Beery,The Big House,1929,Best Actor in a Leading Role,3rd,no
Maurice,Chevalier,The Big Pond,1929,Best Actor in a Leading Role,3rd,no
Ronald,Colman,Bulldog Drummond,1929,Best Actor in a Leading Role,3rd,no
Lawrence,Tibbett,The Rogue Song,1929,Best Actor in a Leading Role,3rd,no
Lionel,Barrymore,A Free Soul,1930,Best Actor in a Leading Role,4th,yes
Jackie,Cooper,Skippy,1930,Best Actor in a Leading Role,4th,no
Richard,Dix,Cimarron,1930,Best Actor in a Leading Role,4th,no
Fredric,March,The Royal Family of Broadway,1930,Best Actor in a Leading Role,4th,no
Adolphe,Menjou,The Front Page,1930,Best Actor in a Leading Role,4th,no
Wallace,Beery,The Champ,1931,Best Actor in a Leading Role,5th,yes
Fredric,March,Dr. Jekyll and Mr. Hyde,1931,Best Actor in a Leading Role,5th,yes
Alfred,Lunt,The Guardsman,1931,Best Actor in a Leading Role,5th,no
Charles,Laughton,The Private Life of Henry VIII,1932,Best Actor in a Leading Role,6th,yes
Leslie,Howard,Berkeley Square,1932,Best Actor in a Leading Role,6th,no
Paul,Muni,I Am a Fugitive from a Chain Gang,1932,Best Actor in a Leading Role,6th,no
Clark,Gable,It Happened One Night,1934,Best Actor in a Leading Role,7th,yes
Frank,Morgan,The Affairs of Cellini,1934,Best Actor in a Leading Role,7th,no
William,Powell,The Thin Man,1934,Best Actor in a Leading Role,7th,no
Victor,McLaglen,The Informer,1935,Best Actor in a Leading Role,8th,yes
Clark,Gable,Mutiny on the Bounty,1935,Best Actor in a Leading Role,8th,no
Paul,Muni,Black Fury,1935,Best Actor in a Leading Role,8th,no
Franchot,Tone,Mutiny on the Bounty,1935,Best Actor in a Leading Role,8th,no
Paul,Muni,The Story of Louis Pasteur,1936,Best Actor in a Leading Role,9th,yes
Gary,Cooper,Mr. Deeds Goes to Town,1936,Best Actor in a Leading Role,9th,no
Walter,Huston,Dodsworth,1936,Best Actor in a Leading Role,9th,no
William,Powell,My Man Godfrey,1936,Best Actor in a Leading Role,9th,no
Spencer,Tracy,San Francisco,1936,Best Actor in a Leading Role,9th,no
Spencer,Tracy,Captains Courageous,1937,Best Actor in a Leading Role,10th,yes
Charles,Boyer,Conquest,1937,Best Actor in a Leading Role,10th,no
Fredric,March,A Star Is Born,1937,Best Actor in a Leading Role,10th,no
Robert,Montgomery,Night Must Fall,1937,Best Actor in a Leading Role,10th,no
Paul,Muni,The Life of Emile Zola,1937,Best Actor in a Leading Role,10th,no
Spencer,Tracy,Boys Town,1938,Best Actor in a Leading Role,11th,yes
Charles,Boyer,Algiers,1938,Best Actor in a Leading Role,11th,no
James,Cagney,Angels with Dirty Faces,1938,Best Actor in a Leading Role,11th,no
Robert,Donat,The Citadel,1938,Best Actor in a Leading Role,11th,no
Leslie,Howard,Pygmalion,1938,Best Actor in a Leading Role,11th,no
Robert,Donat,"Goodbye, Mr. Chips",1939,Best Actor in a Leading Role,12th,yes
Clark,Gable,Gone with the Wind,1939,Best Actor in a Leading Role,12th,no
Laurence,Olivier,Wuthering Heights,1939,Best Actor in a Leading Role,12th,no
Mickey,Rooney,Babes in Arms,1939,Best Actor in a Leading Role,12th,no
James,Stewart,Mr. Smith Goes to Washington,1939,Best Actor in a Leading Role,12th,no
James,Stewart,The Philadelphia Story,1940,Best Actor in a Leading Role,13th,yes
Charlie,Chaplin,The Great Dictator,1940,Best Actor in a Leading Role,13th,no
Henry,Fonda,The Grapes of Wrath,1940,Best Actor in a Leading Role,13th,no
Raymond,Massey,Abe Lincoln in Illinois,1940,Best Actor in a Leading Role,13th,no
Laurence,Olivier,Rebecca,1940,Best Actor in a Leading Role,13th,no
Gary,Cooper,Sergeant York,1941,Best Actor in a Leading Role,14th,yes
Cary,Grant,Penny Serenade,1941,Best Actor in a Leading Role,14th,no
Walter,Huston,The Devil and Daniel Webster,1941,Best Actor in a Leading Role,14th,no
Robert,Montgomery,Here Comes Mr. Jordan,1941,Best Actor in a Leading Role,14th,no
Orson,Welles,Citizen Kane,1941,Best Actor in a Leading Role,14th,no
James,Cagney,Yankee Doodle Dandy,1942,Best Actor in a Leading Role,15th,yes
Ronald,Colman,Random Harvest,1942,Best Actor in a Leading Role,15th,no
Gary,Cooper,The Pride of the Yankees,1942,Best Actor in a Leading Role,15th,no
Walter,Pidgeon,Mrs. Miniver,1942,Best Actor in a Leading Role,15th,no
Monty,Woolley,The Pied Piper,1942,Best Actor in a Leading Role,15th,no
Paul,Lukas,Watch on the Rhine,1943,Best Actor in a Leading Role,16th,yes
Humphrey,Bogart,Casablanca,1943,Best Actor in a Leading Role,16th,no
Gary,Cooper,For Whom the Bell Tolls,1943,Best Actor in a Leading Role,16th,no
Walter,Pidgeon,Madame Curie,1943,Best Actor in a Leading Role,16th,no
Mickey,Rooney,The Human Comedy,1943,Best Actor in a Leading Role,16th,no
Bing,Crosby,Going My Way,1944,Best Actor in a Leading Role,17th,yes
Charles,Boyer,Gaslight,1944,Best Actor in a Leading Role,17th,no
Barry,Fitzgerald,Going My Way,1944,Best Actor in a Leading Role,17th,no
Cary,Grant,None but the Lonely Heart,1944,Best Actor in a Leading Role,17th,no
Alexander,Knox,Wilson,1944,Best Actor in a Leading Role,17th,no
Ray,Milland,The Lost Weekend,1945,Best Actor in a Leading Role,18th,yes
Bing,Crosby,The Bells of St. Mary's,1945,Best Actor in a Leading Role,18th,no
Gene,Kelly,Anchors Aweigh,1945,Best Actor in a Leading Role,18th,no
Gregory,Peck,The Keys of the Kingdom,1945,Best Actor in a Leading Role,18th,no
Cornel,Wilde,A Song to Remember,1945,Best Actor in a Leading Role,18th,no
Fredric,March,The Best Years of Our Lives,1946,Best Actor in a Leading Role,19th,yes
Laurence,Olivier,Henry V,1946,Best Actor in a Leading Role,19th,no
Larry,Parks,The Jolson Story,1946,Best Actor in a Leading Role,19th,no
Gregory,Peck,The Yearling,1946,Best Actor in a Leading Role,19th,no
James,Stewart,It's a Wonderful Life,1946,Best Actor in a Leading Role,19th,no
Ronald,Colman,A Double Life,1947,Best Actor in a Leading Role,20th,yes
John,Garfield,Body and Soul,1947,Best Actor in a Leading Role,20th,no
Gregory,Peck,Gentleman's Agreement,1947,Best Actor in a Leading Role,20th,no
William,Powell,Life with Father,1947,Best Actor in a Leading Role,20th,no
Michael,Redgrave,Mourning Becomes Electra,1947,Best Actor in a Leading Role,20th,no
Laurence,Olivier,Hamlet,1948,Best Actor in a Leading Role,21st,yes
Lew,Ayres,Johnny Belinda,1948,Best Actor in a Leading Role,21st,no
Montgomery,Clift,The Search,1948,Best Actor in a Leading Role,21st,no
Dan,Dailey,When My Baby Smiles at Me,1948,Best Actor in a Leading Role,21st,no
Clifton,Webb,Sitting Pretty,1948,Best Actor in a Leading Role,21st,no
Broderick,Crawford,All the King's Men,1949,Best Actor in a Leading Role,22nd,yes
Kirk,Douglas,Champion,1949,Best Actor in a Leading Role,22nd,no
Gregory,Peck,Twelve O'Clock High,1949,Best Actor in a Leading Role,22nd,no
Richard,Todd,The Hasty Heart,1949,Best Actor in a Leading Role,22nd,no
John,Wayne,Sands of Iwo Jima,1949,Best Actor in a Leading Role,22nd,no
José,Ferrer,Cyrano de Bergerac,1950,Best Actor in a Leading Role,23rd,yes
Louis,Calhern,The Magnificent Yankee,1950,Best Actor in a Leading Role,23rd,no
William,Holden,Sunset Boulevard,1950,Best Actor in a Leading Role,23rd,no
James,Stewart,Harvey,1950,Best Actor in a Leading Role,23rd,no
Spencer,Tracy,Father of the Bride,1950,Best Actor in a Leading Role,23rd,no
Humphrey,Bogart,The African Queen,1951,Best Actor in a Leading Role,24th,yes
Marlon,Brando,A Streetcar Named Desire,1951,Best Actor in a Leading Role,24th,no
Montgomery,Clift,A Place in the Sun,1951,Best Actor in a Leading Role,24th,no
Arthur,Kennedy,Bright Victory,1951,Best Actor in a Leading Role,24th,no
Fredric,March,Death of a Salesman,1951,Best Actor in a Leading Role,24th,no
Gary,Cooper,High Noon,1952,Best Actor in a Leading Role,25th,yes
Marlon,Brando,Viva Zapata!,1952,Best Actor in a Leading Role,25th,no
Kirk,Douglas,The Bad and the Beautiful,1952,Best Actor in a Leading Role,25th,no
José,Ferrer,Moulin Rouge,1952,Best Actor in a Leading Role,25th,no
Alec,Guinness,The Lavender Hill Mob,1952,Best Actor in a Leading Role,25th,no
William,Holden,Stalag 17,1953,Best Actor in a Leading Role,26th,yes
Marlon,Brando,Julius Caesar,1953,Best Actor in a Leading Role,26th,no
Richard,Burton,The Robe,1953,Best Actor in a Leading Role,26th,no
Montgomery,Clift,From Here to Eternity,1953,Best Actor in a Leading Role,26th,no
Marlon,Brando,On the Waterfront,1954,Best Actor in a Leading Role,27th,yes
Humphrey,Bogart,The Caine Mutiny,1954,Best Actor in a Leading Role,27th,no
Bing,Crosby,The Country Girl,1954,Best Actor in a Leading Role,27th,no
James,Mason,A Star Is Born,1954,Best Actor in a Leading Role,27th,no
Dan,O'Herlihy,Robinson Crusoe,1954,Best Actor in a Leading Role,27th,no
Ernest,Borgnine,Marty,1955,Best Actor in a Leading Role,28th,yes
James,Cagney,Love Me or Leave Me,1955,Best Actor in a Leading Role,28th,no
James,Dean,East of Eden,1955,Best Actor in a Leading Role,28th,no
Frank,Sinatra,The Man with the Golden Arm,1955,Best Actor in a Leading Role,28th,no
Spencer,Tracy,Bad Day at Black Rock,1955,Best Actor in a Leading Role,28th,no
Yul,Brynner,The King and I,1956,Best Actor in a Leading Role,29th,yes
James,Dean,Giant,1956,Best Actor in a Leading Role,29th,no
Kirk,Douglas,Lust for Life,1956,Best Actor in a Leading Role,29th,no
Rock,Hudson,Giant,1956,Best Actor in a Leading Role,29th,no
Laurence,Olivier,Richard III,1956,Best Actor in a Leading Role,29th,no
Alec,Guinness,The Bridge on the River Kwai,1957,Best Actor in a Leading Role,30th,yes
Marlon,Brando,Sayonara,1957,Best Actor in a Leading Role,30th,no
Anthony,Franciosa,A Hatful of Rain,1957,Best Actor in a Leading Role,30th,no
Charles,Laughton,Witness for the Prosecution,1957,Best Actor in a Leading Role,30th,no
Anthony,Quinn,Wild Is the Wind,1957,Best Actor in a Leading Role,30th,no
David,Niven,Separate Tables,1958,Best Actor in a Leading Role,31st,yes
Tony,Curtis,The Defiant Ones,1958,Best Actor in a Leading Role,31st,no
Paul,Newman,Cat on a Hot Tin Roof,1958,Best Actor in a Leading Role,31st,no
Sidney,Poitier,The Defiant Ones,1958,Best Actor in a Leading Role,31st,no
Spencer,Tracy,The Old Man and the Sea,1958,Best Actor in a Leading Role,31st,no
Charlton,Heston,Ben-Hur,1959,Best Actor in a Leading Role,32nd,yes
Laurence,Harvey,Room at the Top,1959,Best Actor in a Leading Role,32nd,no
Jack,Lemmon,Some Like It Hot,1959,Best Actor in a Leading Role,32nd,no
Paul,Muni,The Last Angry Man,1959,Best Actor in a Leading Role,32nd,no
James,Stewart,Anatomy of a Murder,1959,Best Actor in a Leading Role,32nd,no
Burt,Lancaster,Elmer Gantry,1960,Best Actor in a Leading Role,33rd,yes
Trevor,Howard,Sons and Lovers,1960,Best Actor in a Leading Role,33rd,no
Jack,Lemmon,The Apartment,1960,Best Actor in a Leading Role,33rd,no
Laurence,Olivier,The Entertainer,1960,Best Actor in a Leading Role,33rd,no
Spencer,Tracy,Inherit the Wind,1960,Best Actor in a Leading Role,33rd,no
Maximilian,Schell,Judgment at Nuremberg,1961,Best Actor in a Leading Role,34th,yes
Charles,Boyer,Fanny,1961,Best Actor in a Leading Role,34th,no
Paul,Newman,The Hustler,1961,Best Actor in a Leading Role,34th,no
Spencer,Tracy,Judgment at Nuremberg,1961,Best Actor in a Leading Role,34th,no
Stuart,Whitman,The Mark,1961,Best Actor in a Leading Role,34th,no
Gregory,Peck,To Kill a Mockingbird,1962,Best Actor in a Leading Role,35th,yes
Burt,Lancaster,Birdman of Alcatraz,1962,Best Actor in a Leading Role,35th,no
Jack,Lemmon,Days of Wine and Roses,1962,Best Actor in a Leading Role,35th,no
Marcello,Mastroianni,Divorce Italian Style,1962,Best Actor in a Leading Role,35th,no
Peter,O'Toole,Lawrence of Arabia,1962,Best Actor in a Leading Role,35th,no
Sidney,Poitier,Lilies of the Field,1963,Best Actor in a Leading Role,36th,yes
Albert,Finney,Tom Jones,1963,Best Actor in a Leading Role,36th,no
Richard,Harris,This Sporting Life,1963,Best Actor in a Leading Role,36th,no
Rex,Harrison,Cleopatra,1963,Best Actor in a Leading Role,36th,no
Paul,Newman,Hud,1963,Best Actor in a Leading Role,36th,no
Rex,Harrison,My Fair Lady,1964,Best Actor in a Leading Role,37th,yes
Richard,Burton,Becket,1964,Best Actor in a Leading Role,37th,no
Anthony,Quinn,Zorba the Greek,1964,Best Actor in a Leading Role,37th,no
Peter,Sellers,Dr. Strangelove,1964,Best Actor in a Leading Role,37th,no
Lee,Marvin,Cat Ballou,1965,Best Actor in a Leading Role,38th,yes
Richard,Burton,The Spy Who Came in from the Cold,1965,Best Actor in a Leading Role,38th,no
Laurence,Olivier,Othello,1965,Best Actor in a Leading Role,38th,no
Rod,Steiger,The Pawnbroker,1965,Best Actor in a Leading Role,38th,no
Oskar,Werner,Ship of Fools,1965,Best Actor in a Leading Role,38th,no
Paul,Scofield,A Man for All Seasons,1966,Best Actor in a Leading Role,39th,yes
Alan,Arkin,"The Russians Are Coming, the Russians Are Coming",1966,Best Actor in a Leading Role,39th,no
Richard,Burton,Who's Afraid of Virginia Woolf?,1966,Best Actor in a Leading Role,39th,no
Michael,Caine,Alfie,1966,Best Actor in a Leading Role,39th,no
Steve,McQueen,The Sand Pebbles,1966,Best Actor in a Leading Role,39th,no
Rod,Steiger,In the Heat of the Night,1967,Best Actor in a Leading Role,40th,yes
Warren,Beatty,Bonnie and Clyde,1967,Best Actor in a Leading Role,40th,no
Dustin,Hoffman,The Graduate,1967,Best Actor in a Leading Role,40th,no
Paul,Newman,Cool Hand Luke,1967,Best Actor in a Leading Role,40th,no
Spencer,Tracy,Guess Who's Coming to Dinner,1967,Best Actor in a Leading Role,40th,no
Cliff,Robertson,Charly,1968,Best Actor in a Leading Role,41st,yes
Alan,Arkin,The Heart Is a Lonely Hunter,1968,Best Actor in a Leading Role,41st,no
Alan,Bates,The Fixer,1968,Best Actor in a Leading Role,41st,no
Ron,Moody,Oliver!,1968,Best Actor in a Leading Role,41st,no
Peter,O'Toole,The Lion in Winter,1968,Best Actor in a Leading Role,41st,no
John,Wayne,True Grit,1969,Best Actor in a Leading Role,42nd,yes
Richard,Burton,Anne of the Thousand Days,1969,Best Actor in a Leading Role,42nd,no
Dustin,Hoffman,Midnight Cowboy,1969,Best Actor in a Leading Role,42nd,no
Peter,O'Toole,"Goodbye, Mr. Chips",1969,Best Actor in a Leading Role,42nd,no
Jon,Voight,Midnight Cowboy,1969,Best Actor in a Leading Role,42nd,no
George,C. Scott,Patton,1970,Best Actor in a Leading Role,43rd,yes
Melvyn,Douglas,I Never Sang for My Father,1970,Best Actor in a Leading Role,43rd,no
James,Earl Jones,The Great White Hope,1970,Best Actor in a Leading Role,43rd,no
Jack,Nicholson,Five Easy Pieces,1970,Best Actor in a Leading Role,43rd,no
Ryan,O'Neal,Love Story,1970,Best Actor in a Leading Role,43rd,no
Gene,Hackman,The French Connection,1971,Best Actor in a Leading Role,44th,yes
Peter,Finch,Sunday Bloody Sunday,1971,Best Actor in a Leading Role,44th,no
Walter,Matthau,Kotch,1971,Best Actor in a Leading Role,44th,no
George,C. Scott,The Hospital,1971,Best Actor in a Leading Role,44th,no
Topol,,Fiddler on the Roof,1971,Best Actor in a Leading Role,44th,no
Marlon,Brando,The Godfather,1972,Best Actor in a Leading Role,45th,yes
Michael,Caine,Sleuth,1972,Best Actor in a Leading Role,45th,no
Peter,O'Toole,The Ruling Class,1972,Best Actor in a Leading Role,45th,no
Paul,Winfield,Sounder,1972,Best Actor in a Leading Role,45th,no
Jack,Lemmon,Save the Tiger,1973,Best Actor in a Leading Role,46th,yes
Marlon,Brando,Last Tango in Paris,1973,Best Actor in a Leading Role,46th,no
Jack,Nicholson,The Last Detail,1973,Best Actor in a Leading Role,46th,no
Al,Pacino,Serpico,1973,Best Actor in a Leading Role,46th,no
Robert,Redford,The Sting,1973,Best Actor in a Leading Role,46th,no
Art,Carney,Harry and Tonto,1974,Best Actor in a Leading Role,47th,yes
Albert,Finney,Murder on the Orient Express,1974,Best Actor in a Leading Role,47th,no
Dustin,Hoffman,Lenny,1974,Best Actor in a Leading Role,47th,no
Jack,Nicholson,Chinatown,1974,Best Actor in a Leading Role,47th,no
Al,Pacino,The Godfather Part II,1974,Best Actor in a Leading Role,47th,no
Jack,Nicholson,One Flew Over the Cuckoo's Nest,1975,Best Actor in a Leading Role,48th,yes
Walter,Matthau,The Sunshine Boys,1975,Best Actor in a Leading Role,48th,no
Al,Pacino,Dog Day Afternoon,1975,Best Actor in a Leading Role,48th,no
Maximilian,Schell,The Man in the Glass Booth,1975,Best Actor in a Leading Role,48th,no
James,Whitmore,"Give 'em Hell, Harry!",1975,Best Actor in a Leading Role,48th,no
Peter,Finch,Network,1976,Best Actor in a Leading Role,49th,yes
Robert,De Niro,Taxi Driver,1976,Best Actor in a Leading Role,49th,no
Giancarlo,Giannini,Seven Beauties,1976,Best Actor in a Leading Role,49th,no
William,Holden,Network,1976,Best Actor in a Leading Role,49th,no
Sylvester,Stallone,Rocky,1976,Best Actor in a Leading Role,49th,no
Richard,Dreyfuss,The Goodbye Girl,1977,Best Actor in a Leading Role,50th,yes
Woody,Allen,Annie Hall,1977,Best Actor in a Leading Role,50th,no
Richard,Burton,Equus,1977,Best Actor in a Leading Role,50th,no
Marcello,Mastroianni,A Special Day,1977,Best Actor in a Leading Role,50th,no
John,Travolta,Saturday Night Fever,1977,Best Actor in a Leading Role,50th,no
Jon,Voight,Coming Home,1978,Best Actor in a Leading Role,51st,yes
Warren,Beatty,Heaven Can Wait,1978,Best Actor in a Leading Role,51st,no
Gary,Busey,The Buddy Holly Story,1978,Best Actor in a Leading Role,51st,no
Robert,De Niro,The Deer Hunter,1978,Best Actor in a Leading Role,51st,no
Laurence,Olivier,The Boys from Brazil,1978,Best Actor in a Leading Role,51st,no
Dustin,Hoffman,Kramer vs. Kramer,1979,Best Actor in a Leading Role,52nd,yes
Jack,Lemmon,The China Syndrome,1979,Best Actor in a Leading Role,52nd,no
Al,Pacino,...And Justice for All,1979,Best Actor in a Leading Role,52nd,no
Roy,Scheider,All That Jazz,1979,Best Actor in a Leading Role,52nd,no
Peter,Sellers,Being There,1979,Best Actor in a Leading Role,52nd,no
Robert,De Niro,Raging Bull,1980,Best Actor in a Leading Role,53rd,yes
Robert,Duvall,The Great Santini,1980,Best Actor in a Leading Role,53rd,no
John,Hurt,The Elephant Man,1980,Best Actor in a Leading Role,53rd,no
Jack,Lemmon,Tribute,1980,Best Actor in a Leading Role,53rd,no
Peter,O'Toole,The Stunt Man,1980,Best Actor in a Leading Role,53rd,no
Henry,Fonda,On Golden Pond,1981,Best Actor in a Leading Role,54th,yes
Warren,Beatty,Reds,1981,Best Actor in a Leading Role,54th,no
Burt,Lancaster,Atlantic City,1981,Best Actor in a Leading Role,54th,no
Dudley,Moore,Arthur,1981,Best Actor in a Leading Role,54th,no
Paul,Newman,Absence of Malice,1981,Best Actor in a Leading Role,54th,no
Ben,Kingsley,Gandhi,1982,Best Actor in a Leading Role,55th,yes
Dustin,Hoffman,Tootsie,1982,Best Actor in a Leading Role,55th,no
Jack,Lemmon,Missing,1982,Best Actor in a Leading Role,55th,no
Paul,Newman,The Verdict,1982,Best Actor in a Leading Role,55th,no
Peter,O'Toole,My Favorite Year,1982,Best Actor in a Leading Role,55th,no
Robert,Duvall,Tender Mercies,1983,Best Actor in a Leading Role,56th,yes
Michael,Caine,Educating Rita,1983,Best Actor in a Leading Role,56th,no
Tom,Conti,"Reuben, Reuben",1983,Best Actor in a Leading Role,56th,no
Tom,Courtenay,The Dresser,1983,Best Actor in a Leading Role,56th,no
F.,Murray Abraham,Amadeus,1984,Best Actor in a Leading Role,57th,yes
Jeff,Bridges,Starman,1984,Best Actor in a Leading Role,57th,no
Albert,Finney,Under the Volcano,1984,Best Actor in a Leading Role,57th,no
Tom,Hulce,Amadeus,1984,Best Actor in a Leading Role,57th,no
Sam,Waterston,The Killing Fields,1984,Best Actor in a Leading Role,57th,no
William,Hurt,Kiss of the Spider Woman,1985,Best Actor in a Leading Role,58th,yes
Harrison,Ford,Witness,1985,Best Actor in a Leading Role,58th,no
James,Garner,Murphy's Romance,1985,Best Actor in a Leading Role,58th,no
Jack,Nicholson,Prizzi's Honor,1985,Best Actor in a Leading Role,58th,no
Jon,Voight,Runaway Train,1985,Best Actor in a Leading Role,58th,no
Paul,Newman,The Color of Money,1986,Best Actor in a Leading Role,59th,yes
Dexter,Gordon,Round Midnight,1986,Best Actor in a Leading Role,59th,no
Bob,Hoskins,Mona Lisa,1986,Best Actor in a Leading Role,59th,no
William,Hurt,Children of a Lesser God,1986,Best Actor in a Leading Role,59th,no
James,Woods,Salvador,1986,Best Actor in a Leading Role,59th,no
Michael,Douglas,Wall Street,1987,Best Actor in a Leading Role,60th,yes
William,Hurt,Broadcast News,1987,Best Actor in a Leading Role,60th,no
Marcello,Mastroianni,Dark Eyes,1987,Best Actor in a Leading Role,60th,no
Jack,Nicholson,Ironweed,1987,Best Actor in a Leading Role,60th,no
Robin,Williams,"Good Morning, Vietnam",1987,Best Actor in a Leading Role,60th,no
Dustin,Hoffman,Rain Man,1988,Best Actor in a Leading Role,61st,yes
Gene,Hackman,Mississippi Burning,1988,Best Actor in a Leading Role,61st,no
Tom,Hanks,Big,1988,Best Actor in a Leading Role,61st,no
Edward,James Olmos,Stand and Deliver,1988,Best Actor in a Leading Role,61st,no
Max,von Sydow,Pelle the Conqueror,1988,Best Actor in a Leading Role,61st,no
Daniel,Day-Lewis,My Left Foot,1989,Best Actor in a Leading Role,62nd,yes
Kenneth,Branagh,Henry V,1989,Best Actor in a Leading Role,62nd,no
Tom,Cruise,Born on the Fourth of July,1989,Best Actor in a Leading Role,62nd,no
Morgan,Freeman,Driving Miss Daisy,1989,Best Actor in a Leading Role,62nd,no
Robin,Williams,Dead Poets Society,1989,Best Actor in a Leading Role,62nd,no
Jeremy,Irons,Reversal of Fortune,1990,Best Actor in a Leading Role,63rd,yes
Kevin,Costner,Dances with Wolves,1990,Best Actor in a Leading Role,63rd,no
Robert,De Niro,Awakenings,1990,Best Actor in a Leading Role,63rd,no
Gérard,Depardieu,Cyrano de Bergerac,1990,Best Actor in a Leading Role,63rd,no
Richard,Harris,The Field,1990,Best Actor in a Leading Role,63rd,no
Anthony,Hopkins,The Silence of the Lambs,1991,Best Actor in a Leading Role,64th,yes
Warren,Beatty,Bugsy,1991,Best Actor in a Leading Role,64th,no
Robert,De Niro,Cape Fear,1991,Best Actor in a Leading Role,64th,no
Nick,Nolte,The Prince of Tides,1991,Best Actor in a Leading Role,64th,no
Robin,Williams,The Fisher King,1991,Best Actor in a Leading Role,64th,no
Al,Pacino,Scent of a Woman,1992,Best Actor in a Leading Role,65th,yes
Robert,Downey Jr.,Chaplin,1992,Best Actor in a Leading Role,65th,no
Clint,Eastwood,Unforgiven,1992,Best Actor in a Leading Role,65th,no
Stephen,Rea,The Crying Game,1992,Best Actor in a Leading Role,65th,no
Denzel,Washington,Malcolm X,1992,Best Actor in a Leading Role,65th,no
Tom,Hanks,Philadelphia,1993,Best Actor in a Leading Role,66th,yes
Daniel,Day-Lewis,In the Name of the Father,1993,Best Actor in a Leading Role,66th,no
Laurence,Fishburne,What's Love Got to Do with It,1993,Best Actor in a Leading Role,66th,no
Anthony,Hopkins,The Remains of the Day,1993,Best Actor in a Leading Role,66th,no
Liam,Neeson,Schindler's List,1993,Best Actor in a Leading Role,66th,no
Tom,Hanks,Forrest Gump,1994,Best Actor in a Leading Role,67th,yes
Morgan,Freeman,The Shawshank Redemption,1994,Best Actor in a Leading Role,67th,no
Nigel,Hawthorne,The Madness of King George,1994,Best Actor in a Leading Role,67th,no
Paul,Newman,Nobody's Fool,1994,Best Actor in a Leading Role,67th,no
John,Travolta,Pulp Fiction,1994,Best Actor in a Leading Role,67th,no
Nicolas,Cage,Leaving Las Vegas,1995,Best Actor in a Leading Role,68th,yes
Richard,Dreyfuss,Mr. Holland's Opus,1995,Best Actor in a Leading Role,68th,no
Anthony,Hopkins,Nixon,1995,Best Actor in a Leading Role,68th,no
Sean,Penn,Dead Man Walking,1995,Best Actor in a Leading Role,68th,no
Massimo,Troisi,Il Postino: The Postman,1995,Best Actor in a Leading Role,68th,no
Geoffrey,Rush,Shine,1996,Best Actor in a Leading Role,69th,yes
Tom,Cruise,Jerry Maguire,1996,Best Actor in a Leading Role,69th,no
Ralph,Fiennes,The English Patient,1996,Best Actor in a Leading Role,69th,no
Woody,Harrelson,The People vs. Larry Flynt,1996,Best Actor in a Leading Role,69th,no
Billy,Bob Thornton,Sling Blade,1996,Best Actor in a Leading Role,69th,no
Jack,Nicholson,As Good as It Gets,1997,Best Actor in a Leading Role,70th,yes
Matt,Damon,Good Will Hunting,1997,Best Actor in a Leading Role,70th,no
Robert,Duvall,The Apostle,1997,Best Actor in a Leading Role,70th,no
Peter,Fonda,Ulee's Gold,1997,Best Actor in a Leading Role,70th,no
Dustin,Hoffman,Wag the Dog,1997,Best Actor in a Leading Role,70th,no
Roberto,Benigni,Life Is Beautiful,1998,Best Actor in a Leading Role,71st,yes
Tom,Hanks,Saving Private Ryan,1998,Best Actor in a Leading Role,71st,no
Ian,McKellen,Gods and Monsters,1998,Best Actor in a Leading Role,71st,no
Nick,Nolte,Affliction,1998,Best Actor in a Leading Role,71st,no
Edward,Norton,American History X,1998,Best Actor in a Leading Role,71st,no
Kevin,Spacey,American Beauty,1999,Best Actor in a Leading Role,72nd,yes
Russell,Crowe,The Insider,1999,Best Actor in a Leading Role,72nd,no
Richard,Farnsworth,The Straight Story,1999,Best Actor in a Leading Role,72nd,no
Sean,Penn,Sweet and Lowdown,1999,Best Actor in a Leading Role,72nd,no
Denzel,Washington,The Hurricane,1999,Best Actor in a Leading Role,72nd,no
Russell,Crowe,Gladiator,2000,Best Actor in a Leading Role,73rd,yes
Javier,Bardem,Before Night Falls,2000,Best Actor in a Leading Role,73rd,no
Tom,Hanks,Cast Away,2000,Best Actor in a Leading Role,73rd,no
Ed,Harris,Pollock,2000,Best Actor in a Leading Role,73rd,no
Geoffrey,Rush,Quills,2000,Best Actor in a Leading Role,73rd,no
Denzel,Washington,Training Day,2001,Best Actor in a Leading Role,74th,yes
Russell,Crowe,A Beautiful Mind,2001,Best Actor in a Leading Role,74th,no
Sean,Penn,I Am Sam,2001,Best Actor in a Leading Role,74th,no
Will,Smith,Ali,2001,Best Actor in a Leading Role,74th,no
Tom,Wilkinson,In the Bedroom,2001,Best Actor in a Leading Role,74th,no
Adrien,Brody,The Pianist,2002,Best Actor in a Leading Role,75th,yes
Nicolas,Cage,Adaptation.,2002,Best Actor in a Leading Role,75th,no
Michael,Caine,The Quiet American,2002,Best Actor in a Leading Role,75th,no
Daniel,Day-Lewis,Gangs of New York,2002,Best Actor in a Leading Role,75th,no
Jack,Nicholson,About Schmidt,2002,Best Actor in a Leading Role,75th,no
Sean,Penn,Mystic River,2003,Best Actor in a Leading Role,76th,yes
Johnny,Depp,Pirates of the Caribbean: The Curse of the Black Pearl,2003,Best Actor in a Leading Role,76th,no
Ben,Kingsley,House of Sand and Fog,2003,Best Actor in a Leading Role,76th,no
Jude,Law,Cold Mountain,2003,Best Actor in a Leading Role,76th,no
Bill,Murray,Lost in Translation,2003,Best Actor in a Leading Role,76th,no
Jamie,Foxx,Ray,2004,Best Actor in a Leading Role,77th,yes
Don,Cheadle,Hotel Rwanda,2004,Best Actor in a Leading Role,77th,no
Johnny,Depp,Finding Neverland,2004,Best Actor in a Leading Role,77th,no
Leonardo,DiCaprio,The Aviator,2004,Best Actor in a Leading Role,77th,no
Clint,Eastwood,Million Dollar Baby,2004,Best Actor in a Leading Role,77th,no
Philip,Seymour Hoffman,Capote,2005,Best Actor in a Leading Role,78th,yes
Terrence,Howard,Hustle & Flow,2005,Best Actor in a Leading Role,78th,no
Heath,Ledger,Brokeback Mountain,2005,Best Actor in a Leading Role,78th,no
Joaquin,Phoenix,Walk the Line,2005,Best Actor in a Leading Role,78th,no
David,Strathairn,"Good Night, and Good Luck",2005,Best Actor in a Leading Role,78th,no
Forest,Whitaker,The Last King of Scotland,2006,Best Actor in a Leading Role,79th,yes
Leonardo,DiCaprio,Blood Diamond,2006,Best Actor in a Leading Role,79th,no
Ryan,Gosling,Half Nelson,2006,Best Actor in a Leading Role,79th,no
Peter,O'Toole,Venus,2006,Best Actor in a Leading Role,79th,no
Will,Smith,The Pursuit of Happyness,2006,Best Actor in a Leading Role,79th,no
Daniel,Day-Lewis,There Will Be Blood,2007,Best Actor in a Leading Role,80th,yes
George,Clooney,Michael Clayton,2007,Best Actor in a Leading Role,80th,no
Johnny,Depp,Sweeney Todd: The Demon Barber of Fleet Street,2007,Best Actor in a Leading Role,80th,no
Tommy,Lee Jones,In the Valley of Elah,2007,Best Actor in a Leading Role,80th,no
Viggo,Mortensen,Eastern Promises,2007,Best Actor in a Leading Role,80th,no
Sean,Penn,Milk,2008,Best Actor in a Leading Role,81st,yes
Richard,Jenkins,The Visitor,2008,Best Actor in a Leading Role,81st,no
Frank,Langella,Frost/Nixon,2008,Best Actor in a Leading Role,81st,no
Brad,Pitt,The Curious Case of Benjamin Button,2008,Best Actor in a Leading Role,81st,no
Mickey,Rourke,The Wrestler,2008,Best Actor in a Leading Role,81st,no
Jeff,Bridges,Crazy Heart,2009,Best Actor in a Leading Role,82nd,yes
George,Clooney,Up in the Air,2009,Best Actor in a Leading Role,82nd,no
Colin,Firth,A Single Man,2009,Best Actor in a Leading Role,82nd,no
Morgan,Freeman,Invictus,2009,Best Actor in a Leading Role,82nd,no
Jeremy,Renner,The Hurt Locker,2009,Best Actor in a Leading Role,82nd,no
Colin,Firth,The King's Speech,2010,Best Actor in a Leading Role,83rd,yes
Javier,Bardem,Biutiful,2010,Best Actor in a Leading Role,83rd,no
Jeff,Bridges,True Grit,2010,Best Actor in a Leading Role,83rd,no
Jesse,Eisenberg,The Social Network,2010,Best Actor in a Leading Role,83rd,no
James,Franco,127 Hours,2010,Best Actor in a Leading Role,83rd,no
Jean,Dujardin,The Artist,2011,Best Actor in a Leading Role,84th,yes
Demián,Bichir,A Better Life,2011,Best Actor in a Leading Role,84th,no
George,Clooney,The Descendants,2011,Best Actor in a Leading Role,84th,no
Gary,Oldman,Tinker Tailor Soldier Spy,2011,Best Actor in a Leading Role,84th,no
Brad,Pitt,Moneyball,2011,Best Actor in a Leading Role,84th,no
Daniel,Day-Lewis,Lincoln,2012,Best Actor in a Leading Role,85th,yes
Bradley,Cooper,Silver Linings Playbook,2012,Best Actor in a Leading Role,85th,no
Hugh,Jackman,Les Misérables,2012,Best Actor in a Leading Role,85th,no
Joaquin,Phoenix,The Master,2012,Best Actor in a Leading Role,85th,no
Denzel,Washington,Flight,2012,Best Actor in a Leading Role,85th,no
Matthew,McConaughey,Dallas Buyers Club,2013,Best Actor in a Leading Role,86th,yes
Christian,Bale,American Hustle,2013,Best Actor in a Leading Role,86th,no
Bruce,Dern,Nebraska,2013,Best Actor in a Leading Role,86th,no
Leonardo,DiCaprio,The Wolf of Wall Street,2013,Best Actor in a Leading Role,86th,no
Chiwetel,Ejiofor,12 Years a Slave,2013,Best Actor in a Leading Role,86th,no
Eddie,Redmayne,The Theory of Everything,2014,Best Actor in a Leading Role,87th,yes
Steve,Carell,Foxcatcher,2014,Best Actor in a Leading Role,87th,no
Bradley,Cooper,American Sniper,2014,Best Actor in a Leading Role,87th,no
Benedict,Cumberbatch,The Imitation Game,2014,Best Actor in a Leading Role,87th,no
Michael,Keaton,Birdman,2014,Best Actor in a Leading Role,87th,no
Leonardo,DiCaprio,The Revenant,2015,Best Actor in a Leading Role,88th,yes
Bryan,Cranston,Trumbo,2015,Best Actor in a Leading Role,88th,no
Matt,Damon,The Martian,2015,Best Actor in a Leading Role,88th,no
Michael,Fassbender,Steve Jobs,2015,Best Actor in a Leading Role,88th,no
Eddie,Redmayne,The Danish Girl,2015,Best Actor in a Leading Role,88th,no
Casey,Affleck,Manchester by the Sea,2016,Best Actor in a Leading Role,89th,yes
Andrew,Garfield,Hacksaw Ridge,2016,Best Actor in a Leading Role,89th,no
Ryan,Gosling,La La Land,2016,Best Actor in a Leading Role,89th,no
Viggo,Mortensen,Captain Fantastic,2016,Best Actor in a Leading Role,89th,no
Denzel,Washington,Fences,2016,Best Actor in a Leading Role,89th,no
Gary,Oldman,Darkest Hour,2017,Best Actor in a Leading Role,90th,yes
Timothée,Chalamet,Call Me by Your Name,2017,Best Actor in a Leading Role,90th,no
Daniel,Day-Lewis,Phantom Thread,2017,Best Actor in a Leading Role,90th,no
Daniel,Kaluuya,Get Out,2017,Best Actor in a Leading Role,90th,no
Denzel,Washington,"Roman J. Israel, Esq.",2017,Best Actor in a Leading Role,90th,no
Rami,Malek,Bohemian Rhapsody,2018,Best Actor in a Leading Role,91st,yes
Christian,Bale,Vice,2018,Best Actor in a Leading Role,91st,no
Bradley,Cooper,A Star Is Born,2018,Best Actor in a Leading Role,91st,no
Willem,Dafoe,At Eternity's Gate,2018,Best Actor in a Leading Role,91st,no
Viggo,Mortensen,Green Book,2018,Best Actor in a Leading Role,91st,no
Joaquin,Phoenix,Joker,2019,Best Actor in a Leading Role,92nd,yes
Antonio,Banderas,Pain and Glory,2019,Best Actor in a Leading Role,92nd,no
Leonardo,DiCaprio,Once Upon a Time in Hollywood,2019,Best Actor in a Leading Role,92nd,no
Adam,Driver,Marriage Story,2019,Best Actor in a Leading Role,92nd,no
Jonathan,Pryce,The Two Popes,2019,Best Actor in a Leading Role,92nd,no
Anthony,Hopkins,The Father,2020,Best Actor in a Leading Role,93rd,yes
Riz,Ahmed,Sound of Metal,2020,Best Actor in a Leading Role,93rd,no
Chadwick,Boseman,Ma Rainey's Black Bottom,2020,Best Actor in a Leading Role,93rd,no
Gary,Oldman,Mank,2020,Best Actor in a Leading Role,93rd,no
Steven,Yeun,Minari,2020,Best Actor in a Leading Role,93rd,no
Will,Smith,King Richard,2021,Best Actor in a Leading Role,94th,yes
Javier,Bardem,Being the Ricardos,2021,Best Actor in a Leading Role,94th,no
Benedict,Cumberbatch,The Power of the Dog,2021,Best Actor in a Leading Role,94th,no
Andrew,Garfield,"Tick, Tick... Boom!",2021,Best Actor in a Leading Role,94th,no
Denzel,Washington,The Tragedy of Macbeth,2021,Best Actor in a Leading Role,94th,no
Brendan,Fraser,The Whale,2022,Best Actor in a Leading Role,95th,yes
Austin,Butler,Elvis,2022,Best Actor in a Leading Role,95th,no
Colin,Farrell,The Banshees of Inisherin,2022,Best Actor in a Leading Role,95th,no
Paul,Mescal,Aftersun,2022,Best Actor in a Leading Role,95th,no
Bill,Nighy,Living,2022,Best Actor in a Leading Role,95th,no
Cillian,Murphy,Oppenheimer,2023,Best Actor in a Leading Role,96th,yes
Bradley,Cooper,Maestro,2023,Best Actor in a Leading Role,96th,no
Colman,Domingo,Rustin,2023,Best Actor in a Leading Role,96th,no
Paul,Giamatti,The Holdovers,2023,Best Actor in a Leading Role,96th,no
Jeffrey,Wright,American Fiction,2023,Best Actor in a Leading Role,96th,no
Adrien,Brody,The Brutalist,2024,Best Actor in a Leading Role,97th,yes
Timothée,Chalamet,A Complete Unknown,2024,Best Actor in a Leading Role,97th,no
Colman,Domingo,Sing Sing,2024,Best Actor in a Leading Role,97th,no
Ralph,Fiennes,Conclave,2024,Best Actor in a Leading Role,97th,no
Sebastian,Stan,The Apprentice,2024,Best Actor in a Leading Role,97th,no
