firstName,lastName,movieTitle,releaseYear
Gale,Sondergaard,Anthony Adverse,1936
Beulah,Bondi,The Gorgeous Hussy,1936
Alice,Brady,My Man Godfrey,1936
Bonita,Granville,These Three,1936
Maria,Ouspenskaya,Dodsworth,1936
Alice,Brady,In Old Chicago,1937
Andrea,Leeds,Stage Door,1937
Anne,Shirley,Stella Dallas,1937
Claire,Trevor,Dead End,1937
May,Whitty,Night Must Fall,1937
Fay,Bainter,Jezebel,1938
Beulah,Bondi,Of Human Hearts,1938
Billie,Burke,Merrily We Live,1938
Spring,Byington,You Can't Take It with You,1938
Miliza,Korjus,The Great Waltz,1938
Hattie,McDaniel,Gone with the Wind,1939
Olivia,de Havilland,Gone with the Wind,1939
Geraldine,Fitzgerald,Wuthering Heights,1939
Edna,May Oliver,Drums Along the Mohawk,1939
Maria,Ouspenskaya,Love Affair,1939
Jane,Darwell,The Grapes of Wrath,1940
Judith,Anderson,Rebecca,1940
Ruth,Hussey,The Philadelphia Story,1940
Barbara,O'Neil,"All This, and Heaven Too",1940
Marjorie,Rambeau,Primrose Path,1940
Mary,Astor,The Great Lie,1941
Sara,Allgood,How Green Was My Valley,1941
Patricia,Collinge,The Little Foxes,1941
Margaret,Wycherly,Sergeant York,1941
Teresa,Wright,Mrs. Miniver,1942
Gladys,Cooper,"Now, Voyager",1942
Agnes,Moorehead,The Magnificent Ambersons,1942
Susan,Peters,Random Harvest,1942
May,Whitty,Mrs. Miniver,1942
Katina,Paxinou,For Whom the Bell Tolls,1943
Gladys,Cooper,The Song of Bernadette,1943
Paulette,Goddard,So Proudly We Hail!,1943
Anne,Revere,The Song of Bernadette,1943
Lucile,Watson,Watch on the Rhine,1943
Ethel,Barrymore,None but the Lonely Heart,1944
Jennifer,Jones,Since You Went Away,1944
Angela,Lansbury,Gaslight,1944
Aline,MacMahon,Dragon Seed,1944
Agnes,Moorehead,Mrs. Parkington,1944
Anne,Revere,National Velvet,1945
Eve,Arden,Mildred Pierce,1945
Angela,Lansbury,The Picture of Dorian Gray,1945
Joan,Lorring,The Corn Is Green,1945
Anne,Baxter,The Razor's Edge,1946
Ethel,Barrymore,The Spiral Staircase,1946
Lillian,Gish,Duel in the Sun,1946
Flora,Robson,Saratoga Trunk,1946
Gale,Sondergaard,Anna and the King of Siam,1946
Celeste,Holm,Gentleman's Agreement,1947
Ethel,Barrymore,The Paradine Case,1947
Gloria,Grahame,Crossfire,1947
Marjorie,Main,The Egg and I,1947
Anne,Revere,Gentleman's Agreement,1947
Claire,Trevor,Key Largo,1948
Barbara,Bel Geddes,I Remember Mama,1948
Agnes,Moorehead,Johnny Belinda,1948
Jean,Simmons,Hamlet,1948
Mercedes,McCambridge,All the King's Men,1949
Ethel,Barrymore,Pinky,1949
Celeste,Holm,Come to the Stable,1949
Ethel,Waters,Pinky,1949
Josephine,Hull,Harvey,1950
Hope,Emerson,Caged,1950
Celeste,Holm,All About Eve,1950
Nancy,Olson,Sunset Boulevard,1950
Thelma,Ritter,All About Eve,1950
Kim,Hunter,A Streetcar Named Desire,1951
Joan,Blondell,The Blue Veil,1951
Mildred,Dunnock,Death of a Salesman,1951
Lee,Grant,Detective Story,1951
Thelma,Ritter,The Mating Season,1951
Gloria,Grahame,The Bad and the Beautiful,1952
Jean,Hagen,Singin' in the Rain,1952
Colette,Marchand,Moulin Rouge,1952
Terry,Moore,"Come Back, Little Sheba",1952
Thelma,Ritter,With a Song in My Heart,1952
Donna,Reed,From Here to Eternity,1953
Grace,Kelly,Mogambo,1953
Geraldine,Page,Hondo,1953
Marjorie,Rambeau,Torch Song,1953
Thelma,Ritter,Pickup on South Street,1953
Eva,Marie Saint,On the Waterfront,1954
Nina,Foch,Executive Suite,1954
Katy,Jurado,Broken Lance,1954
Jan,Sterling,The High and the Mighty,1954
Jo,Van Fleet,East of Eden,1955
Betsy,Blair,Marty,1955
Peggy,Lee,Pete Kelly's Blues,1955
Marisa,Pavan,The Rose Tattoo,1955
Natalie,Wood,Rebel Without a Cause,1955
Dorothy,Malone,Written on the Wind,1956
Mildred,Dunnock,Baby Doll,1956
Eileen,Heckart,The Bad Seed,1956
Mercedes,McCambridge,Giant,1956
Patty,McCormack,The Bad Seed,1956
Miyoshi,Umeki,Sayonara,1957
Carolyn,Jones,The Bachelor Party,1957
Elsa,Lanchester,Witness for the Prosecution,1957
Hope,Lange,Peyton Place,1957
Wendy,Hiller,Separate Tables,1958
Peggy,Cass,Auntie Mame,1958
Martha,Hyer,Some Came Running,1958
Maureen,Stapleton,Lonelyhearts,1958
Cara,Williams,The Defiant Ones,1958
Shelley,Winters,The Diary of Anne Frank,1959
Hermione,Baddeley,Room at the Top,1959
Susan,Kohner,Imitation of Life,1959
Thelma,Ritter,Pillow Talk,1959
Shirley,Jones,Elmer Gantry,1960
Glynis,Johns,The Sundowners,1960
Shirley,Knight,The Dark at the Top of the Stairs,1960
Janet,Leigh,Psycho,1960
Mary,Ure,Sons and Lovers,1960
Rita,Moreno,West Side Story,1961
Fay,Bainter,The Children's Hour,1961
Judy,Garland,Judgment at Nuremberg,1961
Lotte,Lenya,The Roman Spring of Mrs. Stone,1961
Una,Merkel,Summer and Smoke,1961
Patty,Duke,The Miracle Worker,1962
Mary,Badham,To Kill a Mockingbird,1962
Shirley,Knight,Sweet Bird of Youth,1962
Angela,Lansbury,The Manchurian Candidate,1962
Thelma,Ritter,Birdman of Alcatraz,1962
Margaret,Rutherford,The V.I.P.s,1963
Diane,Cilento,Tom Jones,1963
Lilia,Skala,Lilies of the Field,1963
Lila,Kedrova,Zorba the Greek,1964
Gladys,Cooper,My Fair Lady,1964
Edith,Evans,The Chalk Garden,1964
Grayson,Hall,The Night of the Iguana,1964
Agnes,Moorehead,"Hush...Hush, Sweet Charlotte",1964
Shelley,Winters,A Patch of Blue,1965
Ruth,Gordon,Inside Daisy Clover,1965
Joyce,Redman,Othello,1965
Peggy,Wood,The Sound of Music,1965
Sandy,Dennis,Who's Afraid of Virginia Woolf?,1966
Wendy,Hiller,A Man for All Seasons,1966
Jocelyne,LaGarde,Hawaii,1966
Vivien,Merchant,Alfie,1966
Geraldine,Page,You're a Big Boy Now,1966
Estelle,Parsons,Bonnie and Clyde,1967
Carol,Channing,Thoroughly Modern Millie,1967
Mildred,Natwick,Barefoot in the Park,1967
Beah,Richards,Guess Who's Coming to Dinner,1967
Katharine,Ross,The Graduate,1967
Ruth,Gordon,Rosemary's Baby,1968
Lynn,Carlin,Faces,1968
Sondra,Locke,The Heart Is a Lonely Hunter,1968
Kay,Medford,Funny Girl,1968
Estelle,Parsons,"Rachel, Rachel",1968
Goldie,Hawn,Cactus Flower,1969
Catherine,Burns,Last Summer,1969
Dyan,Cannon,Bob & Carol & Ted & Alice,1969
Sylvia,Miles,Midnight Cowboy,1969
Susannah,York,"They Shoot Horses, Don't They?",1969
Helen,Hayes,Airport,1970
Karen,Black,Five Easy Pieces,1970
Lee,Grant,The Landlord,1970
Sally,Kellerman,M*A*S*H,1970
Maureen,Stapleton,Airport,1970
Cloris,Leachman,The Last Picture Show,1971
Ann-Margret,,Carnal Knowledge,1971
Ellen,Burstyn,The Last Picture Show,1971
Barbara,Harris,Who Is Harry Kellerman and Why Is He Saying Those Terrible Things About Me?,1971
Margaret,Leighton,The Go-Between,1971
Eileen,Heckart,Butterflies Are Free,1972
Jeannie,Berlin,The Heartbreak Kid,1972
Geraldine,Page,Pete 'n' Tillie,1972
Susan,Tyrrell,Fat City,1972
Shelley,Winters,The Poseidon Adventure,1972
Tatum,O'Neal,Paper Moon,1973
Linda,Blair,The Exorcist,1973
Candy,Clark,American Graffiti,1973
Madeline,Kahn,Paper Moon,1973
Sylvia,Sidney,"Summer Wishes, Winter Dreams",1973
Ingrid,Bergman,Murder on the Orient Express,1974
Valentina,Cortese,Day for Night,1974
Madeline,Kahn,Blazing Saddles,1974
Diane,Ladd,Alice Doesn't Live Here Anymore,1974
Talia,Shire,The Godfather Part II,1974
Lee,Grant,Shampoo,1975
Ronee,Blakley,Nashville,1975
Sylvia,Miles,"Farewell, My Lovely",1975
Lily,Tomlin,Nashville,1975
Brenda,Vaccaro,Once Is Not Enough,1975
Beatrice,Straight,Network,1976
Jane,Alexander,All the President's Men,1976
Jodie,Foster,Taxi Driver,1976
Lee,Grant,Voyage of the Damned,1976
Piper,Laurie,Carrie,1976
Vanessa,Redgrave,Julia,1977
Leslie,Browne,The Turning Point,1977
Quinn,Cummings,The Goodbye Girl,1977
Melinda,Dillon,Close Encounters of the Third Kind,1977
Tuesday,Weld,Looking for Mr. Goodbar,1977
Maggie,Smith,California Suite,1978
Dyan,Cannon,Heaven Can Wait,1978
Penelope,Milford,Coming Home,1978
Maureen,Stapleton,Interiors,1978
Meryl,Streep,The Deer Hunter,1978
Meryl,Streep,Kramer vs. Kramer,1979
Jane,Alexander,Kramer vs. Kramer,1979
Barbara,Barrie,Breaking Away,1979
Candice,Bergen,Starting Over,1979
Mariel,Hemingway,Manhattan,1979
Mary,Steenburgen,Melvin and Howard,1980
Eileen,Brennan,Private Benjamin,1980
Eva,Le Gallienne,Resurrection,1980
Cathy,Moriarty,Raging Bull,1980
Diana,Scarwid,Inside Moves,1980
Maureen,Stapleton,Reds,1981
Melinda,Dillon,Absence of Malice,1981
Jane,Fonda,On Golden Pond,1981
Joan,Hackett,Only When I Laugh,1981
Elizabeth,McGovern,Ragtime,1981
Jessica,Lange,Tootsie,1982
Glenn,Close,The World According to Garp,1982
Teri,Garr,Tootsie,1982
Kim,Stanley,Frances,1982
Lesley,Ann Warren,Victor/Victoria,1982
Linda,Hunt,The Year of Living Dangerously,1983
Cher,,Silkwood,1983
Glenn,Close,The Big Chill,1983
Amy,Irving,Yentl,1983
Alfre,Woodard,Cross Creek,1983
Peggy,Ashcroft,A Passage to India,1984
Glenn,Close,The Natural,1984
Lindsay,Crouse,Places in the Heart,1984
Christine,Lahti,Swing Shift,1984
Geraldine,Page,The Pope of Greenwich Village,1984
Anjelica,Huston,Prizzi's Honor,1985
Margaret,Avery,The Color Purple,1985
Amy,Madigan,Twice in a Lifetime,1985
Meg,Tilly,Agnes of God,1985
Oprah,Winfrey,The Color Purple,1985
Dianne,Wiest,Hannah and Her Sisters,1986
Tess,Harper,Crimes of the Heart,1986
Piper,Laurie,Children of a Lesser God,1986
Mary,Elizabeth Mastrantonio,The Color of Money,1986
Maggie,Smith,A Room with a View,1986
Olympia,Dukakis,Moonstruck,1987
Norma,Aleandro,Gaby: A True Story,1987
Anne,Archer,Fatal Attraction,1987
Anne,Ramsey,Throw Momma from the Train,1987
Ann,Sothern,The Whales of August,1987
Geena,Davis,The Accidental Tourist,1988
Joan,Cusack,Working Girl,1988
Frances,McDormand,Mississippi Burning,1988
Michelle,Pfeiffer,Dangerous Liaisons,1988
Sigourney,Weaver,Working Girl,1988
Brenda,Fricker,My Left Foot,1989
Anjelica,Huston,"Enemies, A Love Story",1989
Julia,Roberts,Steel Magnolias,1989
Dianne,Wiest,Parenthood,1989
Whoopi,Goldberg,Ghost,1990
Annette,Bening,The Grifters,1990
Lorraine,Bracco,GoodFellas,1990
Diane,Ladd,Wild at Heart,1990
Mary,McDonnell,Dances with Wolves,1990
Mercedes,Ruehl,The Fisher King,1991
Diane,Ladd,Rambling Rose,1991
Juliette,Lewis,Cape Fear,1991
Kate,Nelligan,The Prince of Tides,1991
Jessica,Tandy,Fried Green Tomatoes,1991
Marisa,Tomei,My Cousin Vinny,1992
Judy,Davis,Husbands and Wives,1992
Joan,Plowright,Enchanted April,1992
Vanessa,Redgrave,Howards End,1992
Miranda,Richardson,Damage,1992
Anna,Paquin,The Piano,1993
Holly,Hunter,The Firm,1993
Rosie,Perez,Fearless,1993
Winona,Ryder,The Age of Innocence,1993
Emma,Thompson,In the Name of the Father,1993
Dianne,Wiest,Bullets Over Broadway,1994
Rosemary,Harris,Tom & Viv,1994
Helen,Mirren,The Madness of King George,1994
Uma,Thurman,Pulp Fiction,1994
Jennifer,Tilly,Bullets Over Broadway,1994
Mira,Sorvino,Mighty Aphrodite,1995
Joan,Allen,Nixon,1995
Kathleen,Quinlan,Apollo 13,1995
Mare,Winningham,Georgia,1995
Kate,Winslet,Sense and Sensibility,1995
Juliette,Binoche,The English Patient,1996
Joan,Allen,The Crucible,1996
Lauren,Bacall,The Mirror Has Two Faces,1996
Barbara,Hershey,The Portrait of a Lady,1996
Marianne,Jean-Baptiste,Secrets & Lies,1996
Kim,Basinger,L.A. Confidential,1997
Joan,Cusack,In & Out,1997
Minnie,Driver,Good Will Hunting,1997
Julianne,Moore,Boogie Nights,1997
Gloria,Stuart,Titanic,1997
Judi,Dench,Shakespeare in Love,1998
Kathy,Bates,Primary Colors,1998
Brenda,Blethyn,Little Voice,1998
Rachel,Griffiths,Hilary and Jackie,1998
Lynn,Redgrave,Gods and Monsters,1998
Angelina,Jolie,"Girl, Interrupted",1999
Toni,Collette,The Sixth Sense,1999
Catherine,Keener,Being John Malkovich,1999
Samantha,Morton,Sweet and Lowdown,1999
Chloë,Sevigny,Boys Don't Cry,1999
Marcia,Gay Harden,Pollock,2000
Judi,Dench,Chocolat,2000
Kate,Hudson,Almost Famous,2000
Julie,Walters,Billy Elliot,2000
Jennifer,Connelly,A Beautiful Mind,2001
Helen,Mirren,Gosford Park,2001
Marisa,Tomei,In the Bedroom,2001
Kate,Winslet,Iris,2001
Catherine,Zeta-Jones,Chicago,2002
Kathy,Bates,About Schmidt,2002
Julianne,Moore,The Hours,2002
Queen,Latifah,Chicago,2002
Meryl,Streep,Adaptation.,2002
Renée,Zellweger,Cold Mountain,2003
Shohreh,Aghdashloo,House of Sand and Fog,2003
Patricia,Clarkson,Pieces of April,2003
Marcia,Gay Harden,Mystic River,2003
Holly,Hunter,Thirteen,2003
Cate,Blanchett,The Aviator,2004
Laura,Linney,Kinsey,2004
Virginia,Madsen,Sideways,2004
Sophie,Okonedo,Hotel Rwanda,2004
Natalie,Portman,Closer,2004
Rachel,Weisz,The Constant Gardener,2005
Amy,Adams,Junebug,2005
Catherine,Keener,Capote,2005
Frances,McDormand,North Country,2005
Michelle,Williams,Brokeback Mountain,2005
Jennifer,Hudson,Dreamgirls,2006
Adriana,Barraza,Babel,2006
Cate,Blanchett,Notes on a Scandal,2006
Abigail,Breslin,Little Miss Sunshine,2006
Rinko,Kikuchi,Babel,2006
Tilda,Swinton,Michael Clayton,2007
Cate,Blanchett,I'm Not There,2007
Ruby,Dee,American Gangster,2007
Saoirse,Ronan,Atonement,2007
Amy,Ryan,Gone Baby Gone,2007
Penélope,Cruz,Vicky Cristina Barcelona,2008
Amy,Adams,Doubt,2008
Taraji,P. Henson,The Curious Case of Benjamin Button,2008
Marisa,Tomei,The Wrestler,2008
Mo'Nique,,Precious,2009
Penélope,Cruz,Nine,2009
Vera,Farmiga,Up in the Air,2009
Maggie,Gyllenhaal,Crazy Heart,2009
Anna,Kendrick,Up in the Air,2009
Melissa,Leo,The Fighter,2010
Amy,Adams,The Fighter,2010
Helena,Bonham Carter,The King's Speech,2010
Hailee,Steinfeld,True Grit,2010
Jacki,Weaver,Animal Kingdom,2010
Octavia,Spencer,The Help,2011
Bérénice,Bejo,The Artist,2011
Jessica,Chastain,The Help,2011
Melissa,McCarthy,Bridesmaids,2011
Janet,McTeer,Albert Nobbs,2011
Anne,Hathaway,Les Misérables,2012
Amy,Adams,The Master,2012
Sally,Field,Lincoln,2012
Helen,Hunt,The Sessions,2012
Jacki,Weaver,Silver Linings Playbook,2012
Lupita,Nyong'o,12 Years a Slave,2013
Sally,Hawkins,Blue Jasmine,2013
Jennifer,Lawrence,American Hustle,2013
Julia,Roberts,August: Osage County,2013
June,Squibb,Nebraska,2013
Patricia,Arquette,Boyhood,2014
Laura,Dern,Wild,2014
Keira,Knightley,The Imitation Game,2014
Emma,Stone,Birdman,2014
Meryl,Streep,Into the Woods,2014
Alicia,Vikander,The Danish Girl,2015
Jennifer,Jason Leigh,The Hateful Eight,2015
Rooney,Mara,Carol,2015
Rachel,McAdams,Spotlight,2015
Kate,Winslet,Steve Jobs,2015
Viola,Davis,Fences,2016
Naomie,Harris,Moonlight,2016
Nicole,Kidman,Lion,2016
Octavia,Spencer,Hidden Figures,2016
Michelle,Williams,Manchester by the Sea,2016
Allison,Janney,"I, Tonya",2017
Mary,J. Blige,Mudbound,2017
Lesley,Manville,Phantom Thread,2017
Laurie,Metcalf,Lady Bird,2017
Octavia,Spencer,The Shape of Water,2017
Regina,King,If Beale Street Could Talk,2018
Amy,Adams,Vice,2018
Marina,de Tavira,Roma,2018
Emma,Stone,The Favourite,2018
Laura,Dern,Marriage Story,2019
Kathy,Bates,Richard Jewell,2019
Scarlett,Johansson,Jojo Rabbit,2019
Florence,Pugh,Little Women,2019
Margot,Robbie,Bombshell,2019
Yuh-jung,Youn,Minari,2020
Maria,Bakalova,Borat Subsequent Moviefilm,2020
Glenn,Close,Hillbilly Elegy,2020
Olivia,Colman,The Father,2020
Amanda,Seyfried,Mank,2020
Ariana,DeBose,West Side Story,2021
Jessie,Buckley,The Lost Daughter,2021
Judi,Dench,Belfast,2021
Kirsten,Dunst,The Power of the Dog,2021
Aunjanue,Ellis-Taylor,King Richard,2021
Jamie,Lee Curtis,Everything Everywhere All at Once,2022
Angela,Bassett,Black Panther: Wakanda Forever,2022
Hong,Chau,The Whale,2022
Kerry,Condon,The Banshees of Inisherin,2022
Stephanie,Hsu,Everything Everywhere All at Once,2022
Da'Vine,Joy Randolph,The Holdovers,2023
Emily,Blunt,Oppenheimer,2023
Danielle,Brooks,The Color Purple,2023
America,Ferrera,Barbie,2023
Jodie,Foster,Nyad,2023
Zoe,Saldaña,Emilia Pérez,2024
Monica,Barbaro,A Complete Unknown,2024
Ariana,Grande,Wicked,2024
Felicity,Jones,The Brutalist,2024
Isabella,Rossellini,Conclave,2024
