firstName,lastName,movieTitle,releaseYear,categoryName,iteration,isWinner
Gale,Sondergaard,Anthony Adverse,1936,Best Actress in a Supporting Role,9th,yes
Beulah,Bondi,The Gorgeous Hussy,1936,Best Actress in a Supporting Role,9th,no
Alice,Brady,My Man Godfrey,1936,Best Actress in a Supporting Role,9th,no
Bonita,Granville,These Three,1936,Best Actress in a Supporting Role,9th,no
Maria,Ouspenskaya,Dodsworth,1936,Best Actress in a Supporting Role,9th,no
Alice,Brady,In Old Chicago,1937,Best Actress in a Supporting Role,10th,yes
Andrea,Leeds,Stage Door,1937,Best Actress in a Supporting Role,10th,no
Anne,Shirley,Stella Dallas,1937,Best Actress in a Supporting Role,10th,no
Claire,Trevor,Dead End,1937,Best Actress in a Supporting Role,10th,no
May,Whitty,Night Must Fall,1937,Best Actress in a Supporting Role,10th,no
Fay,Bainter,Jezebel,1938,Best Actress in a Supporting Role,11th,yes
Beulah,Bondi,Of Human Hearts,1938,Best Actress in a Supporting Role,11th,no
Billie,Burke,Merrily We Live,1938,Best Actress in a Supporting Role,11th,no
Spring,Byington,You Can't Take It with You,1938,Best Actress in a Supporting Role,11th,no
Miliza,Korjus,The Great Waltz,1938,Best Actress in a Supporting Role,11th,no
Hattie,McDaniel,Gone with the Wind,1939,Best Actress in a Supporting Role,12th,yes
Olivia,de Havilland,Gone with the Wind,1939,Best Actress in a Supporting Role,12th,no
Geraldine,Fitzgerald,Wuthering Heights,1939,Best Actress in a Supporting Role,12th,no
Edna,May Oliver,Drums Along the Mohawk,1939,Best Actress in a Supporting Role,12th,no
Maria,Ouspenskaya,Love Affair,1939,Best Actress in a Supporting Role,12th,no
Jane,Darwell,The Grapes of Wrath,1940,Best Actress in a Supporting Role,13th,yes
Judith,Anderson,Rebecca,1940,Best Actress in a Supporting Role,13th,no
Ruth,Hussey,The Philadelphia Story,1940,Best Actress in a Supporting Role,13th,no
Barbara,O'Neil,"All This, and Heaven Too",1940,Best Actress in a Supporting Role,13th,no
Marjorie,Rambeau,Primrose Path,1940,Best Actress in a Supporting Role,13th,no
Mary,Astor,The Great Lie,1941,Best Actress in a Supporting Role,14th,yes
Sara,Allgood,How Green Was My Valley,1941,Best Actress in a Supporting Role,14th,no
Patricia,Collinge,The Little Foxes,1941,Best Actress in a Supporting Role,14th,no
Margaret,Wycherly,Sergeant York,1941,Best Actress in a Supporting Role,14th,no
Teresa,Wright,Mrs. Miniver,1942,Best Actress in a Supporting Role,15th,yes
Gladys,Cooper,"Now, Voyager",1942,Best Actress in a Supporting Role,15th,no
Agnes,Moorehead,The Magnificent Ambersons,1942,Best Actress in a Supporting Role,15th,no
Susan,Peters,Random Harvest,1942,Best Actress in a Supporting Role,15th,no
May,Whitty,Mrs. Miniver,1942,Best Actress in a Supporting Role,15th,no
Katina,Paxinou,For Whom the Bell Tolls,1943,Best Actress in a Supporting Role,16th,yes
Gladys,Cooper,The Song of Bernadette,1943,Best Actress in a Supporting Role,16th,no
Paulette,Goddard,So Proudly We Hail!,1943,Best Actress in a Supporting Role,16th,no
Anne,Revere,The Song of Bernadette,1943,Best Actress in a Supporting Role,16th,no
Lucile,Watson,Watch on the Rhine,1943,Best Actress in a Supporting Role,16th,no
Ethel,Barrymore,None but the Lonely Heart,1944,Best Actress in a Supporting Role,17th,yes
Jennifer,Jones,Since You Went Away,1944,Best Actress in a Supporting Role,17th,no
Angela,Lansbury,Gaslight,1944,Best Actress in a Supporting Role,17th,no
Aline,MacMahon,Dragon Seed,1944,Best Actress in a Supporting Role,17th,no
Agnes,Moorehead,Mrs. Parkington,1944,Best Actress in a Supporting Role,17th,no
Anne,Revere,National Velvet,1945,Best Actress in a Supporting Role,18th,yes
Eve,Arden,Mildred Pierce,1945,Best Actress in a Supporting Role,18th,no
Angela,Lansbury,The Picture of Dorian Gray,1945,Best Actress in a Supporting Role,18th,no
Joan,Lorring,The Corn Is Green,1945,Best Actress in a Supporting Role,18th,no
Anne,Baxter,The Razor's Edge,1946,Best Actress in a Supporting Role,19th,yes
Ethel,Barrymore,The Spiral Staircase,1946,Best Actress in a Supporting Role,19th,no
Lillian,Gish,Duel in the Sun,1946,Best Actress in a Supporting Role,19th,no
Flora,Robson,Saratoga Trunk,1946,Best Actress in a Supporting Role,19th,no
Gale,Sondergaard,Anna and the King of Siam,1946,Best Actress in a Supporting Role,19th,no
Celeste,Holm,Gentleman's Agreement,1947,Best Actress in a Supporting Role,20th,yes
Ethel,Barrymore,The Paradine Case,1947,Best Actress in a Supporting Role,20th,no
Gloria,Grahame,Crossfire,1947,Best Actress in a Supporting Role,20th,no
Marjorie,Main,The Egg and I,1947,Best Actress in a Supporting Role,20th,no
Anne,Revere,Gentleman's Agreement,1947,Best Actress in a Supporting Role,20th,no
Claire,Trevor,Key Largo,1948,Best Actress in a Supporting Role,21st,yes
Barbara,Bel Geddes,I Remember Mama,1948,Best Actress in a Supporting Role,21st,no
Agnes,Moorehead,Johnny Belinda,1948,Best Actress in a Supporting Role,21st,no
Jean,Simmons,Hamlet,1948,Best Actress in a Supporting Role,21st,no
Mercedes,McCambridge,All the King's Men,1949,Best Actress in a Supporting Role,22nd,yes
Ethel,Barrymore,Pinky,1949,Best Actress in a Supporting Role,22nd,no
Celeste,Holm,Come to the Stable,1949,Best Actress in a Supporting Role,22nd,no
Ethel,Waters,Pinky,1949,Best Actress in a Supporting Role,22nd,no
Josephine,Hull,Harvey,1950,Best Actress in a Supporting Role,23rd,yes
Hope,Emerson,Caged,1950,Best Actress in a Supporting Role,23rd,no
Celeste,Holm,All About Eve,1950,Best Actress in a Supporting Role,23rd,no
Nancy,Olson,Sunset Boulevard,1950,Best Actress in a Supporting Role,23rd,no
Thelma,Ritter,All About Eve,1950,Best Actress in a Supporting Role,23rd,no
Kim,Hunter,A Streetcar Named Desire,1951,Best Actress in a Supporting Role,24th,yes
Joan,Blondell,The Blue Veil,1951,Best Actress in a Supporting Role,24th,no
Mildred,Dunnock,Death of a Salesman,1951,Best Actress in a Supporting Role,24th,no
Lee,Grant,Detective Story,1951,Best Actress in a Supporting Role,24th,no
Thelma,Ritter,The Mating Season,1951,Best Actress in a Supporting Role,24th,no
Gloria,Grahame,The Bad and the Beautiful,1952,Best Actress in a Supporting Role,25th,yes
Jean,Hagen,Singin' in the Rain,1952,Best Actress in a Supporting Role,25th,no
Colette,Marchand,Moulin Rouge,1952,Best Actress in a Supporting Role,25th,no
Terry,Moore,"Come Back, Little Sheba",1952,Best Actress in a Supporting Role,25th,no
Thelma,Ritter,With a Song in My Heart,1952,Best Actress in a Supporting Role,25th,no
Donna,Reed,From Here to Eternity,1953,Best Actress in a Supporting Role,26th,yes
Grace,Kelly,Mogambo,1953,Best Actress in a Supporting Role,26th,no
Geraldine,Page,Hondo,1953,Best Actress in a Supporting Role,26th,no
Marjorie,Rambeau,Torch Song,1953,Best Actress in a Supporting Role,26th,no
Thelma,Ritter,Pickup on South Street,1953,Best Actress in a Supporting Role,26th,no
Eva,Marie Saint,On the Waterfront,1954,Best Actress in a Supporting Role,27th,yes
Nina,Foch,Executive Suite,1954,Best Actress in a Supporting Role,27th,no
Katy,Jurado,Broken Lance,1954,Best Actress in a Supporting Role,27th,no
Jan,Sterling,The High and the Mighty,1954,Best Actress in a Supporting Role,27th,no
Jo,Van Fleet,East of Eden,1955,Best Actress in a Supporting Role,28th,yes
Betsy,Blair,Marty,1955,Best Actress in a Supporting Role,28th,no
Peggy,Lee,Pete Kelly's Blues,1955,Best Actress in a Supporting Role,28th,no
Marisa,Pavan,The Rose Tattoo,1955,Best Actress in a Supporting Role,28th,no
Natalie,Wood,Rebel Without a Cause,1955,Best Actress in a Supporting Role,28th,no
Dorothy,Malone,Written on the Wind,1956,Best Actress in a Supporting Role,29th,yes
Mildred,Dunnock,Baby Doll,1956,Best Actress in a Supporting Role,29th,no
Eileen,Heckart,The Bad Seed,1956,Best Actress in a Supporting Role,29th,no
Mercedes,McCambridge,Giant,1956,Best Actress in a Supporting Role,29th,no
Patty,McCormack,The Bad Seed,1956,Best Actress in a Supporting Role,29th,no
Miyoshi,Umeki,Sayonara,1957,Best Actress in a Supporting Role,30th,yes
Carolyn,Jones,The Bachelor Party,1957,Best Actress in a Supporting Role,30th,no
Elsa,Lanchester,Witness for the Prosecution,1957,Best Actress in a Supporting Role,30th,no
Hope,Lange,Peyton Place,1957,Best Actress in a Supporting Role,30th,no
Wendy,Hiller,Separate Tables,1958,Best Actress in a Supporting Role,31st,yes
Peggy,Cass,Auntie Mame,1958,Best Actress in a Supporting Role,31st,no
Martha,Hyer,Some Came Running,1958,Best Actress in a Supporting Role,31st,no
Maureen,Stapleton,Lonelyhearts,1958,Best Actress in a Supporting Role,31st,no
Cara,Williams,The Defiant Ones,1958,Best Actress in a Supporting Role,31st,no
Shelley,Winters,The Diary of Anne Frank,1959,Best Actress in a Supporting Role,32nd,yes
Hermione,Baddeley,Room at the Top,1959,Best Actress in a Supporting Role,32nd,no
Susan,Kohner,Imitation of Life,1959,Best Actress in a Supporting Role,32nd,no
Thelma,Ritter,Pillow Talk,1959,Best Actress in a Supporting Role,32nd,no
Shirley,Jones,Elmer Gantry,1960,Best Actress in a Supporting Role,33rd,yes
Glynis,Johns,The Sundowners,1960,Best Actress in a Supporting Role,33rd,no
Shirley,Knight,The Dark at the Top of the Stairs,1960,Best Actress in a Supporting Role,33rd,no
Janet,Leigh,Psycho,1960,Best Actress in a Supporting Role,33rd,no
Mary,Ure,Sons and Lovers,1960,Best Actress in a Supporting Role,33rd,no
Rita,Moreno,West Side Story,1961,Best Actress in a Supporting Role,34th,yes
Fay,Bainter,The Children's Hour,1961,Best Actress in a Supporting Role,34th,no
Judy,Garland,Judgment at Nuremberg,1961,Best Actress in a Supporting Role,34th,no
Lotte,Lenya,The Roman Spring of Mrs. Stone,1961,Best Actress in a Supporting Role,34th,no
Una,Merkel,Summer and Smoke,1961,Best Actress in a Supporting Role,34th,no
Patty,Duke,The Miracle Worker,1962,Best Actress in a Supporting Role,35th,yes
Mary,Badham,To Kill a Mockingbird,1962,Best Actress in a Supporting Role,35th,no
Shirley,Knight,Sweet Bird of Youth,1962,Best Actress in a Supporting Role,35th,no
Angela,Lansbury,The Manchurian Candidate,1962,Best Actress in a Supporting Role,35th,no
Thelma,Ritter,Birdman of Alcatraz,1962,Best Actress in a Supporting Role,35th,no
Margaret,Rutherford,The V.I.P.s,1963,Best Actress in a Supporting Role,36th,yes
Diane,Cilento,Tom Jones,1963,Best Actress in a Supporting Role,36th,no
Lilia,Skala,Lilies of the Field,1963,Best Actress in a Supporting Role,36th,no
Lila,Kedrova,Zorba the Greek,1964,Best Actress in a Supporting Role,37th,yes
Gladys,Cooper,My Fair Lady,1964,Best Actress in a Supporting Role,37th,no
Edith,Evans,The Chalk Garden,1964,Best Actress in a Supporting Role,37th,no
Grayson,Hall,The Night of the Iguana,1964,Best Actress in a Supporting Role,37th,no
Agnes,Moorehead,"Hush...Hush, Sweet Charlotte",1964,Best Actress in a Supporting Role,37th,no
Shelley,Winters,A Patch of Blue,1965,Best Actress in a Supporting Role,38th,yes
Ruth,Gordon,Inside Daisy Clover,1965,Best Actress in a Supporting Role,38th,no
Joyce,Redman,Othello,1965,Best Actress in a Supporting Role,38th,no
Peggy,Wood,The Sound of Music,1965,Best Actress in a Supporting Role,38th,no
Sandy,Dennis,Who's Afraid of Virginia Woolf?,1966,Best Actress in a Supporting Role,39th,yes
Wendy,Hiller,A Man for All Seasons,1966,Best Actress in a Supporting Role,39th,no
Jocelyne,LaGarde,Hawaii,1966,Best Actress in a Supporting Role,39th,no
Vivien,Merchant,Alfie,1966,Best Actress in a Supporting Role,39th,no
Geraldine,Page,You're a Big Boy Now,1966,Best Actress in a Supporting Role,39th,no
Estelle,Parsons,Bonnie and Clyde,1967,Best Actress in a Supporting Role,40th,yes
Carol,Channing,Thoroughly Modern Millie,1967,Best Actress in a Supporting Role,40th,no
Mildred,Natwick,Barefoot in the Park,1967,Best Actress in a Supporting Role,40th,no
Beah,Richards,Guess Who's Coming to Dinner,1967,Best Actress in a Supporting Role,40th,no
Katharine,Ross,The Graduate,1967,Best Actress in a Supporting Role,40th,no
Ruth,Gordon,Rosemary's Baby,1968,Best Actress in a Supporting Role,41st,yes
Lynn,Carlin,Faces,1968,Best Actress in a Supporting Role,41st,no
Sondra,Locke,The Heart Is a Lonely Hunter,1968,Best Actress in a Supporting Role,41st,no
Kay,Medford,Funny Girl,1968,Best Actress in a Supporting Role,41st,no
Estelle,Parsons,"Rachel, Rachel",1968,Best Actress in a Supporting Role,41st,no
Goldie,Hawn,Cactus Flower,1969,Best Actress in a Supporting Role,42nd,yes
Catherine,Burns,Last Summer,1969,Best Actress in a Supporting Role,42nd,no
Dyan,Cannon,Bob & Carol & Ted & Alice,1969,Best Actress in a Supporting Role,42nd,no
Sylvia,Miles,Midnight Cowboy,1969,Best Actress in a Supporting Role,42nd,no
Susannah,York,"They Shoot Horses, Don't They?",1969,Best Actress in a Supporting Role,42nd,no
Helen,Hayes,Airport,1970,Best Actress in a Supporting Role,43rd,yes
Karen,Black,Five Easy Pieces,1970,Best Actress in a Supporting Role,43rd,no
Lee,Grant,The Landlord,1970,Best Actress in a Supporting Role,43rd,no
Sally,Kellerman,M*A*S*H,1970,Best Actress in a Supporting Role,43rd,no
Maureen,Stapleton,Airport,1970,Best Actress in a Supporting Role,43rd,no
Cloris,Leachman,The Last Picture Show,1971,Best Actress in a Supporting Role,44th,yes
Ann-Margret,,Carnal Knowledge,1971,Best Actress in a Supporting Role,44th,no
Ellen,Burstyn,The Last Picture Show,1971,Best Actress in a Supporting Role,44th,no
Barbara,Harris,Who Is Harry Kellerman and Why Is He Saying Those Terrible Things About Me?,1971,Best Actress in a Supporting Role,44th,no
Margaret,Leighton,The Go-Between,1971,Best Actress in a Supporting Role,44th,no
Eileen,Heckart,Butterflies Are Free,1972,Best Actress in a Supporting Role,45th,yes
Jeannie,Berlin,The Heartbreak Kid,1972,Best Actress in a Supporting Role,45th,no
Geraldine,Page,Pete 'n' Tillie,1972,Best Actress in a Supporting Role,45th,no
Susan,Tyrrell,Fat City,1972,Best Actress in a Supporting Role,45th,no
Shelley,Winters,The Poseidon Adventure,1972,Best Actress in a Supporting Role,45th,no
Tatum,O'Neal,Paper Moon,1973,Best Actress in a Supporting Role,46th,yes
Linda,Blair,The Exorcist,1973,Best Actress in a Supporting Role,46th,no
Candy,Clark,American Graffiti,1973,Best Actress in a Supporting Role,46th,no
Madeline,Kahn,Paper Moon,1973,Best Actress in a Supporting Role,46th,no
Sylvia,Sidney,"Summer Wishes, Winter Dreams",1973,Best Actress in a Supporting Role,46th,no
Ingrid,Bergman,Murder on the Orient Express,1974,Best Actress in a Supporting Role,47th,yes
Valentina,Cortese,Day for Night,1974,Best Actress in a Supporting Role,47th,no
Madeline,Kahn,Blazing Saddles,1974,Best Actress in a Supporting Role,47th,no
Diane,Ladd,Alice Doesn't Live Here Anymore,1974,Best Actress in a Supporting Role,47th,no
Talia,Shire,The Godfather Part II,1974,Best Actress in a Supporting Role,47th,no
Lee,Grant,Shampoo,1975,Best Actress in a Supporting Role,48th,yes
Ronee,Blakley,Nashville,1975,Best Actress in a Supporting Role,48th,no
Sylvia,Miles,"Farewell, My Lovely",1975,Best Actress in a Supporting Role,48th,no
Lily,Tomlin,Nashville,1975,Best Actress in a Supporting Role,48th,no
Brenda,Vaccaro,Once Is Not Enough,1975,Best Actress in a Supporting Role,48th,no
Beatrice,Straight,Network,1976,Best Actress in a Supporting Role,49th,yes
Jane,Alexander,All the President's Men,1976,Best Actress in a Supporting Role,49th,no
Jodie,Foster,Taxi Driver,1976,Best Actress in a Supporting Role,49th,no
Lee,Grant,Voyage of the Damned,1976,Best Actress in a Supporting Role,49th,no
Piper,Laurie,Carrie,1976,Best Actress in a Supporting Role,49th,no
Vanessa,Redgrave,Julia,1977,Best Actress in a Supporting Role,50th,yes
Leslie,Browne,The Turning Point,1977,Best Actress in a Supporting Role,50th,no
Quinn,Cummings,The Goodbye Girl,1977,Best Actress in a Supporting Role,50th,no
Melinda,Dillon,Close Encounters of the Third Kind,1977,Best Actress in a Supporting Role,50th,no
Tuesday,Weld,Looking for Mr. Goodbar,1977,Best Actress in a Supporting Role,50th,no
Maggie,Smith,California Suite,1978,Best Actress in a Supporting Role,51st,yes
Dyan,Cannon,Heaven Can Wait,1978,Best Actress in a Supporting Role,51st,no
Penelope,Milford,Coming Home,1978,Best Actress in a Supporting Role,51st,no
Maureen,Stapleton,Interiors,1978,Best Actress in a Supporting Role,51st,no
Meryl,Streep,The Deer Hunter,1978,Best Actress in a Supporting Role,51st,no
Meryl,Streep,Kramer vs. Kramer,1979,Best Actress in a Supporting Role,52nd,yes
Jane,Alexander,Kramer vs. Kramer,1979,Best Actress in a Supporting Role,52nd,no
Barbara,Barrie,Breaking Away,1979,Best Actress in a Supporting Role,52nd,no
Candice,Bergen,Starting Over,1979,Best Actress in a Supporting Role,52nd,no
Mariel,Hemingway,Manhattan,1979,Best Actress in a Supporting Role,52nd,no
Mary,Steenburgen,Melvin and Howard,1980,Best Actress in a Supporting Role,53rd,yes
Eileen,Brennan,Private Benjamin,1980,Best Actress in a Supporting Role,53rd,no
Eva,Le Gallienne,Resurrection,1980,Best Actress in a Supporting Role,53rd,no
Cathy,Moriarty,Raging Bull,1980,Best Actress in a Supporting Role,53rd,no
Diana,Scarwid,Inside Moves,1980,Best Actress in a Supporting Role,53rd,no
Maureen,Stapleton,Reds,1981,Best Actress in a Supporting Role,54th,yes
Melinda,Dillon,Absence of Malice,1981,Best Actress in a Supporting Role,54th,no
Jane,Fonda,On Golden Pond,1981,Best Actress in a Supporting Role,54th,no
Joan,Hackett,Only When I Laugh,1981,Best Actress in a Supporting Role,54th,no
Elizabeth,McGovern,Ragtime,1981,Best Actress in a Supporting Role,54th,no
Jessica,Lange,Tootsie,1982,Best Actress in a Supporting Role,55th,yes
Glenn,Close,The World According to Garp,1982,Best Actress in a Supporting Role,55th,no
Teri,Garr,Tootsie,1982,Best Actress in a Supporting Role,55th,no
Kim,Stanley,Frances,1982,Best Actress in a Supporting Role,55th,no
Lesley,Ann Warren,Victor/Victoria,1982,Best Actress in a Supporting Role,55th,no
Linda,Hunt,The Year of Living Dangerously,1983,Best Actress in a Supporting Role,56th,yes
Cher,,Silkwood,1983,Best Actress in a Supporting Role,56th,no
Glenn,Close,The Big Chill,1983,Best Actress in a Supporting Role,56th,no
Amy,Irving,Yentl,1983,Best Actress in a Supporting Role,56th,no
Alfre,Woodard,Cross Creek,1983,Best Actress in a Supporting Role,56th,no
Peggy,Ashcroft,A Passage to India,1984,Best Actress in a Supporting Role,57th,yes
Glenn,Close,The Natural,1984,Best Actress in a Supporting Role,57th,no
Lindsay,Crouse,Places in the Heart,1984,Best Actress in a Supporting Role,57th,no
Christine,Lahti,Swing Shift,1984,Best Actress in a Supporting Role,57th,no
Geraldine,Page,The Pope of Greenwich Village,1984,Best Actress in a Supporting Role,57th,no
Anjelica,Huston,Prizzi's Honor,1985,Best Actress in a Supporting Role,58th,yes
Margaret,Avery,The Color Purple,1985,Best Actress in a Supporting Role,58th,no
Amy,Madigan,Twice in a Lifetime,1985,Best Actress in a Supporting Role,58th,no
Meg,Tilly,Agnes of God,1985,Best Actress in a Supporting Role,58th,no
Oprah,Winfrey,The Color Purple,1985,Best Actress in a Supporting Role,58th,no
Dianne,Wiest,Hannah and Her Sisters,1986,Best Actress in a Supporting Role,59th,yes
Tess,Harper,Crimes of the Heart,1986,Best Actress in a Supporting Role,59th,no
Piper,Laurie,Children of a Lesser God,1986,Best Actress in a Supporting Role,59th,no
Mary,Elizabeth Mastrantonio,The Color of Money,1986,Best Actress in a Supporting Role,59th,no
Maggie,Smith,A Room with a View,1986,Best Actress in a Supporting Role,59th,no
Olympia,Dukakis,Moonstruck,1987,Best Actress in a Supporting Role,60th,yes
Norma,Aleandro,Gaby: A True Story,1987,Best Actress in a Supporting Role,60th,no
Anne,Archer,Fatal Attraction,1987,Best Actress in a Supporting Role,60th,no
Anne,Ramsey,Throw Momma from the Train,1987,Best Actress in a Supporting Role,60th,no
Ann,Sothern,The Whales of August,1987,Best Actress in a Supporting Role,60th,no
Geena,Davis,The Accidental Tourist,1988,Best Actress in a Supporting Role,61st,yes
Joan,Cusack,Working Girl,1988,Best Actress in a Supporting Role,61st,no
Frances,McDormand,Mississippi Burning,1988,Best Actress in a Supporting Role,61st,no
Michelle,Pfeiffer,Dangerous Liaisons,1988,Best Actress in a Supporting Role,61st,no
Sigourney,Weaver,Working Girl,1988,Best Actress in a Supporting Role,61st,no
Brenda,Fricker,My Left Foot,1989,Best Actress in a Supporting Role,62nd,yes
Anjelica,Huston,"Enemies, A Love Story",1989,Best Actress in a Supporting Role,62nd,no
Julia,Roberts,Steel Magnolias,1989,Best Actress in a Supporting Role,62nd,no
Dianne,Wiest,Parenthood,1989,Best Actress in a Supporting Role,62nd,no
Whoopi,Goldberg,Ghost,1990,Best Actress in a Supporting Role,63rd,yes
Annette,Bening,The Grifters,1990,Best Actress in a Supporting Role,63rd,no
Lorraine,Bracco,GoodFellas,1990,Best Actress in a Supporting Role,63rd,no
Diane,Ladd,Wild at Heart,1990,Best Actress in a Supporting Role,63rd,no
Mary,McDonnell,Dances with Wolves,1990,Best Actress in a Supporting Role,63rd,no
Mercedes,Ruehl,The Fisher King,1991,Best Actress in a Supporting Role,64th,yes
Diane,Ladd,Rambling Rose,1991,Best Actress in a Supporting Role,64th,no
Juliette,Lewis,Cape Fear,1991,Best Actress in a Supporting Role,64th,no
Kate,Nelligan,The Prince of Tides,1991,Best Actress in a Supporting Role,64th,no
Jessica,Tandy,Fried Green Tomatoes,1991,Best Actress in a Supporting Role,64th,no
Marisa,Tomei,My Cousin Vinny,1992,Best Actress in a Supporting Role,65th,yes
Judy,Davis,Husbands and Wives,1992,Best Actress in a Supporting Role,65th,no
Joan,Plowright,Enchanted April,1992,Best Actress in a Supporting Role,65th,no
Vanessa,Redgrave,Howards End,1992,Best Actress in a Supporting Role,65th,no
Miranda,Richardson,Damage,1992,Best Actress in a Supporting Role,65th,no
Anna,Paquin,The Piano,1993,Best Actress in a Supporting Role,66th,yes
Holly,Hunter,The Firm,1993,Best Actress in a Supporting Role,66th,no
Rosie,Perez,Fearless,1993,Best Actress in a Supporting Role,66th,no
Winona,Ryder,The Age of Innocence,1993,Best Actress in a Supporting Role,66th,no
Emma,Thompson,In the Name of the Father,1993,Best Actress in a Supporting Role,66th,no
Dianne,Wiest,Bullets Over Broadway,1994,Best Actress in a Supporting Role,67th,yes
Rosemary,Harris,Tom & Viv,1994,Best Actress in a Supporting Role,67th,no
Helen,Mirren,The Madness of King George,1994,Best Actress in a Supporting Role,67th,no
Uma,Thurman,Pulp Fiction,1994,Best Actress in a Supporting Role,67th,no
Jennifer,Tilly,Bullets Over Broadway,1994,Best Actress in a Supporting Role,67th,no
Mira,Sorvino,Mighty Aphrodite,1995,Best Actress in a Supporting Role,68th,yes
Joan,Allen,Nixon,1995,Best Actress in a Supporting Role,68th,no
Kathleen,Quinlan,Apollo 13,1995,Best Actress in a Supporting Role,68th,no
Mare,Winningham,Georgia,1995,Best Actress in a Supporting Role,68th,no
Kate,Winslet,Sense and Sensibility,1995,Best Actress in a Supporting Role,68th,no
Juliette,Binoche,The English Patient,1996,Best Actress in a Supporting Role,69th,yes
Joan,Allen,The Crucible,1996,Best Actress in a Supporting Role,69th,no
Lauren,Bacall,The Mirror Has Two Faces,1996,Best Actress in a Supporting Role,69th,no
Barbara,Hershey,The Portrait of a Lady,1996,Best Actress in a Supporting Role,69th,no
Marianne,Jean-Baptiste,Secrets & Lies,1996,Best Actress in a Supporting Role,69th,no
Kim,Basinger,L.A. Confidential,1997,Best Actress in a Supporting Role,70th,yes
Joan,Cusack,In & Out,1997,Best Actress in a Supporting Role,70th,no
Minnie,Driver,Good Will Hunting,1997,Best Actress in a Supporting Role,70th,no
Julianne,Moore,Boogie Nights,1997,Best Actress in a Supporting Role,70th,no
Gloria,Stuart,Titanic,1997,Best Actress in a Supporting Role,70th,no
Judi,Dench,Shakespeare in Love,1998,Best Actress in a Supporting Role,71st,yes
Kathy,Bates,Primary Colors,1998,Best Actress in a Supporting Role,71st,no
Brenda,Blethyn,Little Voice,1998,Best Actress in a Supporting Role,71st,no
Rachel,Griffiths,Hilary and Jackie,1998,Best Actress in a Supporting Role,71st,no
Lynn,Redgrave,Gods and Monsters,1998,Best Actress in a Supporting Role,71st,no
Angelina,Jolie,"Girl, Interrupted",1999,Best Actress in a Supporting Role,72nd,yes
Toni,Collette,The Sixth Sense,1999,Best Actress in a Supporting Role,72nd,no
Catherine,Keener,Being John Malkovich,1999,Best Actress in a Supporting Role,72nd,no
Samantha,Morton,Sweet and Lowdown,1999,Best Actress in a Supporting Role,72nd,no
Chloë,Sevigny,Boys Don't Cry,1999,Best Actress in a Supporting Role,72nd,no
Marcia,Gay Harden,Pollock,2000,Best Actress in a Supporting Role,73rd,yes
Judi,Dench,Chocolat,2000,Best Actress in a Supporting Role,73rd,no
Kate,Hudson,Almost Famous,2000,Best Actress in a Supporting Role,73rd,no
Julie,Walters,Billy Elliot,2000,Best Actress in a Supporting Role,73rd,no
Jennifer,Connelly,A Beautiful Mind,2001,Best Actress in a Supporting Role,74th,yes
Helen,Mirren,Gosford Park,2001,Best Actress in a Supporting Role,74th,no
Marisa,Tomei,In the Bedroom,2001,Best Actress in a Supporting Role,74th,no
Kate,Winslet,Iris,2001,Best Actress in a Supporting Role,74th,no
Catherine,Zeta-Jones,Chicago,2002,Best Actress in a Supporting Role,75th,yes
Kathy,Bates,About Schmidt,2002,Best Actress in a Supporting Role,75th,no
Julianne,Moore,The Hours,2002,Best Actress in a Supporting Role,75th,no
Queen,Latifah,Chicago,2002,Best Actress in a Supporting Role,75th,no
Meryl,Streep,Adaptation.,2002,Best Actress in a Supporting Role,75th,no
Renée,Zellweger,Cold Mountain,2003,Best Actress in a Supporting Role,76th,yes
Shohreh,Aghdashloo,House of Sand and Fog,2003,Best Actress in a Supporting Role,76th,no
Patricia,Clarkson,Pieces of April,2003,Best Actress in a Supporting Role,76th,no
Marcia,Gay Harden,Mystic River,2003,Best Actress in a Supporting Role,76th,no
Holly,Hunter,Thirteen,2003,Best Actress in a Supporting Role,76th,no
Cate,Blanchett,The Aviator,2004,Best Actress in a Supporting Role,77th,yes
Laura,Linney,Kinsey,2004,Best Actress in a Supporting Role,77th,no
Virginia,Madsen,Sideways,2004,Best Actress in a Supporting Role,77th,no
Sophie,Okonedo,Hotel Rwanda,2004,Best Actress in a Supporting Role,77th,no
Natalie,Portman,Closer,2004,Best Actress in a Supporting Role,77th,no
Rachel,Weisz,The Constant Gardener,2005,Best Actress in a Supporting Role,78th,yes
Amy,Adams,Junebug,2005,Best Actress in a Supporting Role,78th,no
Catherine,Keener,Capote,2005,Best Actress in a Supporting Role,78th,no
Frances,McDormand,North Country,2005,Best Actress in a Supporting Role,78th,no
Michelle,Williams,Brokeback Mountain,2005,Best Actress in a Supporting Role,78th,no
Jennifer,Hudson,Dreamgirls,2006,Best Actress in a Supporting Role,79th,yes
Adriana,Barraza,Babel,2006,Best Actress in a Supporting Role,79th,no
Cate,Blanchett,Notes on a Scandal,2006,Best Actress in a Supporting Role,79th,no
Abigail,Breslin,Little Miss Sunshine,2006,Best Actress in a Supporting Role,79th,no
Rinko,Kikuchi,Babel,2006,Best Actress in a Supporting Role,79th,no
Tilda,Swinton,Michael Clayton,2007,Best Actress in a Supporting Role,80th,yes
Cate,Blanchett,I'm Not There,2007,Best Actress in a Supporting Role,80th,no
Ruby,Dee,American Gangster,2007,Best Actress in a Supporting Role,80th,no
Saoirse,Ronan,Atonement,2007,Best Actress in a Supporting Role,80th,no
Amy,Ryan,Gone Baby Gone,2007,Best Actress in a Supporting Role,80th,no
Penélope,Cruz,Vicky Cristina Barcelona,2008,Best Actress in a Supporting Role,81st,yes
Amy,Adams,Doubt,2008,Best Actress in a Supporting Role,81st,no
Taraji,P. Henson,The Curious Case of Benjamin Button,2008,Best Actress in a Supporting Role,81st,no
Marisa,Tomei,The Wrestler,2008,Best Actress in a Supporting Role,81st,no
Mo'Nique,,Precious,2009,Best Actress in a Supporting Role,82nd,yes
Penélope,Cruz,Nine,2009,Best Actress in a Supporting Role,82nd,no
Vera,Farmiga,Up in the Air,2009,Best Actress in a Supporting Role,82nd,no
Maggie,Gyllenhaal,Crazy Heart,2009,Best Actress in a Supporting Role,82nd,no
Anna,Kendrick,Up in the Air,2009,Best Actress in a Supporting Role,82nd,no
Melissa,Leo,The Fighter,2010,Best Actress in a Supporting Role,83rd,yes
Amy,Adams,The Fighter,2010,Best Actress in a Supporting Role,83rd,no
Helena,Bonham Carter,The King's Speech,2010,Best Actress in a Supporting Role,83rd,no
Hailee,Steinfeld,True Grit,2010,Best Actress in a Supporting Role,83rd,no
Jacki,Weaver,Animal Kingdom,2010,Best Actress in a Supporting Role,83rd,no
Octavia,Spencer,The Help,2011,Best Actress in a Supporting Role,84th,yes
Bérénice,Bejo,The Artist,2011,Best Actress in a Supporting Role,84th,no
Jessica,Chastain,The Help,2011,Best Actress in a Supporting Role,84th,no
Melissa,McCarthy,Bridesmaids,2011,Best Actress in a Supporting Role,84th,no
Janet,McTeer,Albert Nobbs,2011,Best Actress in a Supporting Role,84th,no
Anne,Hathaway,Les Misérables,2012,Best Actress in a Supporting Role,85th,yes
Amy,Adams,The Master,2012,Best Actress in a Supporting Role,85th,no
Sally,Field,Lincoln,2012,Best Actress in a Supporting Role,85th,no
Helen,Hunt,The Sessions,2012,Best Actress in a Supporting Role,85th,no
Jacki,Weaver,Silver Linings Playbook,2012,Best Actress in a Supporting Role,85th,no
Lupita,Nyong'o,12 Years a Slave,2013,Best Actress in a Supporting Role,86th,yes
Sally,Hawkins,Blue Jasmine,2013,Best Actress in a Supporting Role,86th,no
Jennifer,Lawrence,American Hustle,2013,Best Actress in a Supporting Role,86th,no
Julia,Roberts,August: Osage County,2013,Best Actress in a Supporting Role,86th,no
June,Squibb,Nebraska,2013,Best Actress in a Supporting Role,86th,no
Patricia,Arquette,Boyhood,2014,Best Actress in a Supporting Role,87th,yes
Laura,Dern,Wild,2014,Best Actress in a Supporting Role,87th,no
Keira,Knightley,The Imitation Game,2014,Best Actress in a Supporting Role,87th,no
Emma,Stone,Birdman,2014,Best Actress in a Supporting Role,87th,no
Meryl,Streep,Into the Woods,2014,Best Actress in a Supporting Role,87th,no
Alicia,Vikander,The Danish Girl,2015,Best Actress in a Supporting Role,88th,yes
Jennifer,Jason Leigh,The Hateful Eight,2015,Best Actress in a Supporting Role,88th,no
Rooney,Mara,Carol,2015,Best Actress in a Supporting Role,88th,no
Rachel,McAdams,Spotlight,2015,Best Actress in a Supporting Role,88th,no
Kate,Winslet,Steve Jobs,2015,Best Actress in a Supporting Role,88th,no
Viola,Davis,Fences,2016,Best Actress in a Supporting Role,89th,yes
Naomie,Harris,Moonlight,2016,Best Actress in a Supporting Role,89th,no
Nicole,Kidman,Lion,2016,Best Actress in a Supporting Role,89th,no
Octavia,Spencer,Hidden Figures,2016,Best Actress in a Supporting Role,89th,no
Michelle,Williams,Manchester by the Sea,2016,Best Actress in a Supporting Role,89th,no
Allison,Janney,"I, Tonya",2017,Best Actress in a Supporting Role,90th,yes
Mary,J. Blige,Mudbound,2017,Best Actress in a Supporting Role,90th,no
Lesley,Manville,Phantom Thread,2017,Best Actress in a Supporting Role,90th,no
Laurie,Metcalf,Lady Bird,2017,Best Actress in a Supporting Role,90th,no
Octavia,Spencer,The Shape of Water,2017,Best Actress in a Supporting Role,90th,no
Regina,King,If Beale Street Could Talk,2018,Best Actress in a Supporting Role,91st,yes
Amy,Adams,Vice,2018,Best Actress in a Supporting Role,91st,no
Marina,de Tavira,Roma,2018,Best Actress in a Supporting Role,91st,no
Emma,Stone,The Favourite,2018,Best Actress in a Supporting Role,91st,no
Laura,Dern,Marriage Story,2019,Best Actress in a Supporting Role,92nd,yes
Kathy,Bates,Richard Jewell,2019,Best Actress in a Supporting Role,92nd,no
Scarlett,Johansson,Jojo Rabbit,2019,Best Actress in a Supporting Role,92nd,no
Florence,Pugh,Little Women,2019,Best Actress in a Supporting Role,92nd,no
Margot,Robbie,Bombshell,2019,Best Actress in a Supporting Role,92nd,no
Yuh-jung,Youn,Minari,2020,Best Actress in a Supporting Role,93rd,yes
Maria,Bakalova,Borat Subsequent Moviefilm,2020,Best Actress in a Supporting Role,93rd,no
Glenn,Close,Hillbilly Elegy,2020,Best Actress in a Supporting Role,93rd,no
Olivia,Colman,The Father,2020,Best Actress in a Supporting Role,93rd,no
Amanda,Seyfried,Mank,2020,Best Actress in a Supporting Role,93rd,no
Ariana,DeBose,West Side Story,2021,Best Actress in a Supporting Role,94th,yes
Jessie,Buckley,The Lost Daughter,2021,Best Actress in a Supporting Role,94th,no
Judi,Dench,Belfast,2021,Best Actress in a Supporting Role,94th,no
Kirsten,Dunst,The Power of the Dog,2021,Best Actress in a Supporting Role,94th,no
Aunjanue,Ellis-Taylor,King Richard,2021,Best Actress in a Supporting Role,94th,no
Jamie,Lee Curtis,Everything Everywhere All at Once,2022,Best Actress in a Supporting Role,95th,yes
Angela,Bassett,Black Panther: Wakanda Forever,2022,Best Actress in a Supporting Role,95th,no
Hong,Chau,The Whale,2022,Best Actress in a Supporting Role,95th,no
Kerry,Condon,The Banshees of Inisherin,2022,Best Actress in a Supporting Role,95th,no
Stephanie,Hsu,Everything Everywhere All at Once,2022,Best Actress in a Supporting Role,95th,no
Da'Vine,Joy Randolph,The Holdovers,2023,Best Actress in a Supporting Role,96th,yes
Emily,Blunt,Oppenheimer,2023,Best Actress in a Supporting Role,96th,no
Danielle,Brooks,The Color Purple,2023,Best Actress in a Supporting Role,96th,no
America,Ferrera,Barbie,2023,Best Actress in a Supporting Role,96th,no
Jodie,Foster,Nyad,2023,Best Actress in a Supporting Role,96th,no
Zoe,Saldaña,Emilia Pérez,2024,Best Actress in a Supporting Role,97th,yes
Monica,Barbaro,A Complete Unknown,2024,Best Actress in a Supporting Role,97th,no
Ariana,Grande,Wicked,2024,Best Actress in a Supporting Role,97th,no
Felicity,Jones,The Brutalist,2024,Best Actress in a Supporting Role,97th,no
Isabella,Rossellini,Conclave,2024,Best Actress in a Supporting Role,97th,no
