firstName,lastName,movieTitle,releaseYear,categoryName,iteration,isWinner
Louis,Silvers,One Night of Love,1934,Best Original Score,7th,yes
Victor,Schertzinger,One Night of Love,1934,Best Original Score,7th,yes
Gus,Kahn,One Night of Love,1934,Best Original Score,7th,yes
Max,Steiner,The Gay Divorcee,1934,Best Original Score,7th,no
Kenneth,Webb,The Gay Divorcee,1934,Best Original Score,7th,no
Sam,Hoffenstein,The Gay Divorcee,1934,Best Original Score,7th,no
Max,Steiner,The Informer,1935,Best Original Score,8th,yes
Leo,F. Forbstein,Captain Blood,1935,Best Original Score,8th,no
Erich,Wolfgang Korngold,Captain Blood,1935,Best Original Score,8th,no
Herbert,Stothart,Mutiny on the Bounty,1935,Best Original Score,8th,no
Ernst,Toch,Peter Ibbetson,1935,Best Original Score,8th,no
Leo,F. Forbstein,Anthony Adverse,1936,Best Original Score,9th,yes
Erich,Wolfgang Korngold,Anthony Adverse,1936,Best Original Score,9th,yes
Max,Steiner,The Charge of the Light Brigade,1936,Best Original Score,9th,no
Boris,Morros,The General Died at Dawn,1936,Best Original Score,9th,no
Werner,Janssen,The General Died at Dawn,1936,Best Original Score,9th,no
Nathaniel,Shilkret,Winterset,1936,Best Original Score,9th,no
Charles,Previn,One Hundred Men and a Girl,1937,Best Original Score,10th,yes
Alfred,Newman,The Hurricane,1937,Best Original Score,10th,no
Louis,Silvers,In Old Chicago,1937,Best Original Score,10th,no
Leo,F. Forbstein,The Life of Emile Zola,1937,Best Original Score,10th,no
Max,Steiner,The Life of Emile Zola,1937,Best Original Score,10th,no
Morris,Stoloff,Lost Horizon,1937,Best Original Score,10th,no
Dimitri,Tiomkin,Lost Horizon,1937,Best Original Score,10th,no
Hugo,Riesenfeld,Make a Wish,1937,Best Original Score,10th,no
Herbert,Stothart,Maytime,1937,Best Original Score,10th,no
Alberto,Colombo,Portia on Trial,1937,Best Original Score,10th,no
Alfred,Newman,The Prisoner of Zenda,1937,Best Original Score,10th,no
Roy,Webb,Quality Street,1937,Best Original Score,10th,no
Leigh,Harline,Snow White and the Seven Dwarfs,1937,Best Original Score,10th,no
Frank,Churchill,Snow White and the Seven Dwarfs,1937,Best Original Score,10th,no
Paul,Smith,Snow White and the Seven Dwarfs,1937,Best Original Score,10th,no
Constantin,Bakaleinikoff,Something to Sing About,1937,Best Original Score,10th,no
Victor,Schertzinger,Something to Sing About,1937,Best Original Score,10th,no
Boris,Morros,Souls at Sea,1937,Best Original Score,10th,no
W.,Franke Harling,Souls at Sea,1937,Best Original Score,10th,no
Marvin,Hatley,Way Out West,1937,Best Original Score,10th,no
Erich,Wolfgang Korngold,The Adventures of Robin Hood,1938,Best Original Score,11th,yes
Victor,Young,Army Girl,1938,Best Original Score,11th,no
Marvin,Hatley,Block-Heads,1938,Best Original Score,11th,no
Werner,Janssen,Blockade,1938,Best Original Score,11th,no
Alfred,Newman,The Cowboy and the Lady,1938,Best Original Score,11th,no
Richard,Hageman,If I Were King,1938,Best Original Score,11th,no
Herbert,Stothart,Marie Antoinette,1938,Best Original Score,11th,no
Russell,Bennett,Pacific Liner,1938,Best Original Score,11th,no
Louis,Silvers,Suez,1938,Best Original Score,11th,no
Franz,Waxman,The Young in Heart,1938,Best Original Score,11th,no
Alfred,Newman,Alexander's Ragtime Band,1938,Best Original Score,11th,yes
Victor,Baravalle,Carefree,1938,Best Original Score,11th,no
Morris,Stoloff,Girls' School,1938,Best Original Score,11th,no
Max,Steiner,Jezebel,1938,Best Original Score,11th,no
Charles,Previn,Mad About Music,1938,Best Original Score,11th,no
Frank,Skinner,Mad About Music,1938,Best Original Score,11th,no
Cy,Feuer,Storm Over Bengal,1938,Best Original Score,11th,no
Herbert,Stothart,Sweethearts,1938,Best Original Score,11th,no
Marvin,Hatley,There Goes My Heart,1938,Best Original Score,11th,no
Boris,Morros,Tropic Holiday,1938,Best Original Score,11th,no
Franz,Waxman,The Young in Heart,1938,Best Original Score,11th,no
Herbert,Stothart,The Wizard of Oz,1939,Best Original Score,12th,yes
Max,Steiner,Dark Victory,1939,Best Original Score,12th,no
Werner,Janssen,Eternally Yours,1939,Best Original Score,12th,no
Victor,Young,Golden Boy,1939,Best Original Score,12th,no
Max,Steiner,Gone with the Wind,1939,Best Original Score,12th,no
Victor,Young,Gulliver's Travels,1939,Best Original Score,12th,no
Lud,Gluskin,The Man in the Iron Mask,1939,Best Original Score,12th,no
Lucien,Moraweck,The Man in the Iron Mask,1939,Best Original Score,12th,no
Victor,Young,Man of Conquest,1939,Best Original Score,12th,no
Anthony,Collins,Nurse Edith Cavell,1939,Best Original Score,12th,no
Aaron,Copland,Of Mice and Men,1939,Best Original Score,12th,no
Alfred,Newman,The Rains Came,1939,Best Original Score,12th,no
Alfred,Newman,Wuthering Heights,1939,Best Original Score,12th,no
Richard,Hageman,Stagecoach,1939,Best Original Score,12th,yes
W.,Franke Harling,Stagecoach,1939,Best Original Score,12th,yes
John,Leipold,Stagecoach,1939,Best Original Score,12th,yes
Leo,Shuken,Stagecoach,1939,Best Original Score,12th,yes
Roger,Edens,Babes in Arms,1939,Best Original Score,12th,no
Georgie,Stoll,Babes in Arms,1939,Best Original Score,12th,no
Charles,Previn,First Love,1939,Best Original Score,12th,no
Phil,Boutelje,The Great Victor Herbert,1939,Best Original Score,12th,no
Arthur,Lange,The Great Victor Herbert,1939,Best Original Score,12th,no
Louis,Forbes,Intermezzo,1939,Best Original Score,12th,no
Dimitri,Tiomkin,Mr. Smith Goes to Washington,1939,Best Original Score,12th,no
Aaron,Copland,Of Mice and Men,1939,Best Original Score,12th,no
Erich,Wolfgang Korngold,The Private Lives of Elizabeth and Essex,1939,Best Original Score,12th,no
Cy,Feuer,She Married a Cop,1939,Best Original Score,12th,no
Louis,Silvers,Swanee River,1939,Best Original Score,12th,no
Victor,Young,Way Down South,1939,Best Original Score,12th,no
Leigh,Harline,Pinocchio,1940,Best Original Score,13th,yes
Paul,Smith,Pinocchio,1940,Best Original Score,13th,yes
Ned,Washington,Pinocchio,1940,Best Original Score,13th,yes
Victor,Young,Arizona,1940,Best Original Score,13th,no
Victor,Young,Dark Command,1940,Best Original Score,13th,no
Louis,Gruenberg,The Fight for Life,1940,Best Original Score,13th,no
Meredith,Willson,The Great Dictator,1940,Best Original Score,13th,no
Frank,Skinner,The House of the Seven Gables,1940,Best Original Score,13th,no
Richard,Hageman,The Howards of Virginia,1940,Best Original Score,13th,no
Max,Steiner,The Letter,1940,Best Original Score,13th,no
Alfred,Newman,The Mark of Zorro,1940,Best Original Score,13th,no
Roy,Webb,My Favorite Wife,1940,Best Original Score,13th,no
Werner,Heymann,One Million B.C.,1940,Best Original Score,13th,no
Aaron,Copland,Our Town,1940,Best Original Score,13th,no
Franz,Waxman,Rebecca,1940,Best Original Score,13th,no
Miklós,Rózsa,The Thief of Bagdad,1940,Best Original Score,13th,no
Herbert,Stothart,Waterloo Bridge,1940,Best Original Score,13th,no
Alfred,Newman,Tin Pan Alley,1940,Best Original Score,13th,yes
Cy,Feuer,Hit Parade of 1941,1940,Best Original Score,13th,no
Anthony,Collins,Irene,1940,Best Original Score,13th,no
Erich,Wolfgang Korngold,The Sea Hawk,1940,Best Original Score,13th,no
Artie,Shaw,Second Chorus,1940,Best Original Score,13th,no
Charles,Previn,Spring Parade,1940,Best Original Score,13th,no
Roger,Edens,Strike Up the Band,1940,Best Original Score,13th,no
Georgie,Stoll,Strike Up the Band,1940,Best Original Score,13th,no
Bernard,Herrmann,The Devil and Daniel Webster,1941,Best Original Score,14th,yes
Frank,Skinner,Back Street,1941,Best Original Score,14th,no
Alfred,Newman,Ball of Fire,1941,Best Original Score,14th,no
Edward,Ward,Cheers for Miss Bishop,1941,Best Original Score,14th,no
Bernard,Herrmann,Citizen Kane,1941,Best Original Score,14th,no
Franz,Waxman,Dr. Jekyll and Mr. Hyde,1941,Best Original Score,14th,no
Victor,Young,Hold Back the Dawn,1941,Best Original Score,14th,no
Alfred,Newman,How Green Was My Valley,1941,Best Original Score,14th,no
Edward,Kay,King of the Zombies,1941,Best Original Score,14th,no
Morris,Stoloff,Ladies in Retirement,1941,Best Original Score,14th,no
Ernst,Toch,Ladies in Retirement,1941,Best Original Score,14th,no
Meredith,Willson,The Little Foxes,1941,Best Original Score,14th,no
Miklós,Rózsa,Lydia,1941,Best Original Score,14th,no
Cy,Feuer,Mercy Island,1941,Best Original Score,14th,no
Walter,Scharf,Mercy Island,1941,Best Original Score,14th,no
Max,Steiner,Sergeant York,1941,Best Original Score,14th,no
Louis,Gruenberg,So Ends Our Night,1941,Best Original Score,14th,no
Franz,Waxman,Suspicion,1941,Best Original Score,14th,no
Werner,Heymann,That Uncertain Feeling,1941,Best Original Score,14th,no
Richard,Hageman,This Woman Is Mine,1941,Best Original Score,14th,no
Frank,Churchill,Dumbo,1941,Best Original Score,14th,yes
Oliver,Wallace,Dumbo,1941,Best Original Score,14th,yes
Robert,E. Dolan,Birth of the Blues,1941,Best Original Score,14th,no
Charles,Previn,Buck Privates,1941,Best Original Score,14th,no
Herbert,Stothart,The Chocolate Soldier,1941,Best Original Score,14th,no
Bronisław,Kaper,The Chocolate Soldier,1941,Best Original Score,14th,no
Cy,Feuer,Ice-Capades,1941,Best Original Score,14th,no
Heinz,Roemheld,The Strawberry Blonde,1941,Best Original Score,14th,no
Emil,Newman,Sun Valley Serenade,1941,Best Original Score,14th,no
Anthony,Collins,Sunny,1941,Best Original Score,14th,no
Morris,Stoloff,You'll Never Get Rich,1941,Best Original Score,14th,no
Max,Steiner,"Now, Voyager",1942,Best Original Score,15th,yes
Frank,Skinner,Arabian Nights,1942,Best Original Score,15th,no
Frank,Churchill,Bambi,1942,Best Original Score,15th,no
Edward,Plumb,Bambi,1942,Best Original Score,15th,no
Alfred,Newman,The Black Swan,1942,Best Original Score,15th,no
Dimitri,Tiomkin,The Corsican Brothers,1942,Best Original Score,15th,no
Victor,Young,Flying Tigers,1942,Best Original Score,15th,no
Max,Terr,The Gold Rush,1942,Best Original Score,15th,no
Roy,Webb,I Married a Witch,1942,Best Original Score,15th,no
Roy,Webb,Joan of Paris,1942,Best Original Score,15th,no
Miklós,Rózsa,Jungle Book,1942,Best Original Score,15th,no
Edward,Kay,Klondike Fury,1942,Best Original Score,15th,no
Leigh,Harline,The Pride of the Yankees,1942,Best Original Score,15th,no
Herbert,Stothart,Random Harvest,1942,Best Original Score,15th,no
Richard,Hageman,The Shanghai Gesture,1942,Best Original Score,15th,no
Victor,Young,Silver Queen,1942,Best Original Score,15th,no
Victor,Take a Letter, Darling,1942,Best Original Score,15th,no
Friedrich,Hollaender,The Talk of the Town,1942,Best Original Score,15th,no
Morris,Stoloff,The Talk of the Town,1942,Best Original Score,15th,no
Werner,Heymann,To Be or Not to Be,1942,Best Original Score,15th,no
Ray,Heindorf,Yankee Doodle Dandy,1942,Best Original Score,15th,yes
Heinz,Roemheld,Yankee Doodle Dandy,1942,Best Original Score,15th,yes
Edward,Ward,Flying with Music,1942,Best Original Score,15th,no
Roger,Edens,For Me and My Gal,1942,Best Original Score,15th,no
Georgie,Stoll,For Me and My Gal,1942,Best Original Score,15th,no
Robert,E. Dolan,Holiday Inn,1942,Best Original Score,15th,no
Hans,J. Salter,It Started with Eve,1942,Best Original Score,15th,no
Charles,Previn,It Started with Eve,1942,Best Original Score,15th,no
Walter,Scharf,Johnny Doughboy,1942,Best Original Score,15th,no
Alfred,Newman,My Gal Sal,1942,Best Original Score,15th,no
Leigh,Harline,You Were Never Lovelier,1942,Best Original Score,15th,no
Alfred,Newman,The Song of Bernadette,1943,Best Original Score,16th,yes
Frank,Skinner,The Amazing Mrs. Holliday,1943,Best Original Score,16th,no
Hans,J. Salter,The Amazing Mrs. Holliday,1943,Best Original Score,16th,no
Max,Steiner,Casablanca,1943,Best Original Score,16th,no
Morris,Stoloff,Commandos Strike at Dawn,1943,Best Original Score,16th,no
Louis,Gruenberg,Commandos Strike at Dawn,1943,Best Original Score,16th,no
Roy,Webb,The Fallen Sparrow,1943,Best Original Score,16th,no
Constantin,Bakaleinikoff,The Fallen Sparrow,1943,Best Original Score,16th,no
Victor,Young,For Whom the Bell Tolls,1943,Best Original Score,16th,no
Hanns,Eisler,Hangmen Also Die!,1943,Best Original Score,16th,no
Phil,Boutelje,Hi Diddle Diddle,1943,Best Original Score,16th,no
Walter,Scharf,In Old Oklahoma,1943,Best Original Score,16th,no
Leigh,Harline,Johnny Come Lately,1943,Best Original Score,16th,no
Gerard,Carbonara,The Kansan,1943,Best Original Score,16th,no
Arthur,Lange,Lady of Burlesque,1943,Best Original Score,16th,no
Herbert,Stothart,Madame Curie,1943,Best Original Score,16th,no
Dimitri,Tiomkin,The Moon and Sixpence,1943,Best Original Score,16th,no
Aaron,Copland,The North Star,1943,Best Original Score,16th,no
Edward,Plumb,Victory Through Air Power,1943,Best Original Score,16th,no
Paul,Smith,Victory Through Air Power,1943,Best Original Score,16th,no
Oliver,Wallace,Victory Through Air Power,1943,Best Original Score,16th,no
Ray,Heindorf,This Is the Army,1943,Best Original Score,16th,yes
Alfred,Newman,Coney Island,1943,Best Original Score,16th,no
Walter,Scharf,Hit Parade of 1943,1943,Best Original Score,16th,no
Edward,Ward,Phantom of the Opera,1943,Best Original Score,16th,no
Charles,Wolcott,Saludos Amigos,1943,Best Original Score,16th,no
Leigh,Harline,The Sky's the Limit,1943,Best Original Score,16th,no
Morris,Stoloff,Something to Shout About,1943,Best Original Score,16th,no
Fred,Rich,Stage Door Canteen,1943,Best Original Score,16th,no
Robert,E. Dolan,Star Spangled Rhythm,1943,Best Original Score,16th,no
Herbert,P. Stothart,Thousands Cheer,1943,Best Original Score,16th,no
Max,Steiner,Since You Went Away,1944,Best Original Score,17th,yes
Morris,Stoloff,Address Unknown,1944,Best Original Score,17th,no
Ernst,Toch,Address Unknown,1944,Best Original Score,17th,no
Dimitri,Tiomkin,The Bridge of San Luis Rey,1944,Best Original Score,17th,no
Arthur,Lange,Casanova Brown,1944,Best Original Score,17th,no
Hans,J. Salter,Christmas Holiday,1944,Best Original Score,17th,no
Miklós,Rózsa,Double Indemnity,1944,Best Original Score,17th,no
Walter,Scharf,The Fighting Seabees,1944,Best Original Score,17th,no
Roy,Webb,The Fighting Seabees,1944,Best Original Score,17th,no
Michel,Michelet,The Hairy Ape,1944,Best Original Score,17th,no
Robert,Stolz,It Happened Tomorrow,1944,Best Original Score,17th,no
Fred,Rich,Jack London,1944,Best Original Score,17th,no
Herbert,Stothart,Kismet,1944,Best Original Score,17th,no
Constantin,Bakaleinikoff,None but the Lonely Heart,1944,Best Original Score,17th,no
Hanns,Eisler,None but the Lonely Heart,1944,Best Original Score,17th,no
David,Rose,The Princess and the Pirate,1944,Best Original Score,17th,no
Karl,Hajos,Summer Storm,1944,Best Original Score,17th,no
Franke,Harling,Three Russian Girls,1944,Best Original Score,17th,no
Michel,Michelet,Voice in the Wind,1944,Best Original Score,17th,no
Alfred,Newman,Wilson,1944,Best Original Score,17th,no
Miklós,Rózsa,The Woman of the Town,1944,Best Original Score,17th,no
Morris,Stoloff,Cover Girl,1944,Best Original Score,17th,yes
Carmen,Dragon,Cover Girl,1944,Best Original Score,17th,yes
Walter,Scharf,Brazil,1944,Best Original Score,17th,no
Constantin,Bakaleinikoff,Higher and Higher,1944,Best Original Score,17th,no
Ray,Heindorf,Hollywood Canteen,1944,Best Original Score,17th,no
Werner,Heymann,Knickerbocker Holiday,1944,Best Original Score,17th,no
Kurt,Weill,Knickerbocker Holiday,1944,Best Original Score,17th,no
Robert,Emmett Dolan,Lady in the Dark,1944,Best Original Score,17th,no
Edward,Kay,"Lady, Let's Dance",1944,Best Original Score,17th,no
Georgie,Stoll,Meet Me in St. Louis,1944,Best Original Score,17th,no
Hans,J. Salter,The Merry Monahans,1944,Best Original Score,17th,no
Ferde,Grofé,Minstrel Man,1944,Best Original Score,17th,no
Leo,Erdody,Minstrel Man,1944,Best Original Score,17th,no
Charles,Previn,Song of the Open Road,1944,Best Original Score,17th,no
Louis,Forbes,Up in Arms,1944,Best Original Score,17th,no
Ray,Heindorf,Up in Arms,1944,Best Original Score,17th,no
Miklós,Rózsa,Spellbound,1945,Best Original Score,18th,yes
Robert,E. Dolan,The Bells of St. Mary's,1945,Best Original Score,18th,no
Louis,Forbes,Brewster's Millions,1945,Best Original Score,18th,no
Werner,Janssen,Captain Kidd,1945,Best Original Score,18th,no
Roy,Webb,The Enchanted Cottage,1945,Best Original Score,18th,no
Edward,J. Kay,G. I. Honeymoon,1945,Best Original Score,18th,no
Louis,Applebaum,G. I. Joe,1945,Best Original Score,18th,no
Ann,Ronell,G. I. Joe,1945,Best Original Score,18th,no
Daniele,Amfitheatrof,Guest Wife,1945,Best Original Score,18th,no
Alfred,Newman,The Keys of the Kingdom,1945,Best Original Score,18th,no
Miklós,Rózsa,The Lost Weekend,1945,Best Original Score,18th,no
Victor,Young,Love Letters,1945,Best Original Score,18th,no
Karl,Hajos,The Man Who Walked Alone,1945,Best Original Score,18th,no
Franz,Waxman,"Objective, Burma!",1945,Best Original Score,18th,no
Alexandre,Tansman,Paris Underground,1945,Best Original Score,18th,no
Morris,Stoloff,A Song to Remember,1945,Best Original Score,18th,no
Werner,Janssen,The Southerner,1945,Best Original Score,18th,no
Hans,J. Salter,This Love of Ours,1945,Best Original Score,18th,no
Herbert,Stothart,The Valley of Decision,1945,Best Original Score,18th,no
Arthur,Lange,The Woman in the Window,1945,Best Original Score,18th,no
Hugo,Friedhofer,The Woman in the Window,1945,Best Original Score,18th,no
Georgie,Stoll,Anchors Aweigh,1945,Best Original Score,18th,yes
Jerome,Kern,Can't Help Singing,1945,Best Original Score,18th,no
Robert,E. Dolan,Incendiary Blonde,1945,Best Original Score,18th,no
Ray,Heindorf,Rhapsody in Blue,1945,Best Original Score,18th,no
Max,Steiner,Rhapsody in Blue,1945,Best Original Score,18th,no
Alfred,Newman,State Fair,1945,Best Original Score,18th,no
Charles,Henderson,State Fair,1945,Best Original Score,18th,no
Edward,J. Kay,Sunbonnet Sue,1945,Best Original Score,18th,no
Edward,Plumb,The Three Caballeros,1945,Best Original Score,18th,no
Paul,Smith,The Three Caballeros,1945,Best Original Score,18th,no
Charles,Wolcott,The Three Caballeros,1945,Best Original Score,18th,no
Marlin,Skiles,Tonight and Every Night,1945,Best Original Score,18th,no
Morris,Stoloff,Tonight and Every Night,1945,Best Original Score,18th,no
Walter,Greene,Why Girls Leave Home,1945,Best Original Score,18th,no
Louis,Forbes,Wonder Man,1945,Best Original Score,18th,no
Ray,Heindorf,Wonder Man,1945,Best Original Score,18th,no
Hugo,Friedhofer,The Best Years of Our Lives,1946,Best Original Score,19th,yes
Bernard,Herrmann,Anna and the King of Siam,1946,Best Original Score,19th,no
William,Walton,Henry V,1946,Best Original Score,19th,no
Franz,Waxman,Humoresque,1946,Best Original Score,19th,no
Miklós,Rózsa,The Killers,1946,Best Original Score,19th,no
Morris,Stoloff,The Jolson Story,1946,Best Original Score,19th,yes
Robert,Emmett Dolan,Blue Skies,1946,Best Original Score,19th,no
Alfred,Newman,Centennial Summer,1946,Best Original Score,19th,no
Lennie,Hayton,The Harvey Girls,1946,Best Original Score,19th,no
Ray,Heindorf,Night and Day,1946,Best Original Score,19th,no
Max,Steiner,Night and Day,1946,Best Original Score,19th,no
Miklós,Rózsa,A Double Life,1947,Best Original Score,20th,yes
Hugo,Friedhofer,The Bishop's Wife,1947,Best Original Score,20th,no
Alfred,Newman,Captain from Castile,1947,Best Original Score,20th,no
David,Raksin,Forever Amber,1947,Best Original Score,20th,no
Max,Steiner,Life with Father,1947,Best Original Score,20th,no
Alfred,Newman,Mother Wore Tights,1947,Best Original Score,20th,yes
Johnny,Green,Fiesta,1947,Best Original Score,20th,no
Ray,Heindorf,My Wild Irish Rose,1947,Best Original Score,20th,no
Max,Steiner,My Wild Irish Rose,1947,Best Original Score,20th,no
Robert,Emmett Dolan,Road to Rio,1947,Best Original Score,20th,no
Daniele,Amfitheatrof,Song of the South,1947,Best Original Score,20th,no
Paul,Smith,Song of the South,1947,Best Original Score,20th,no
Charles,Wolcott,Song of the South,1947,Best Original Score,20th,no
Brian,Easdale,The Red Shoes,1948,Best Original Score,21st,yes
William,Walton,Hamlet,1948,Best Original Score,21st,no
Hugo,Friedhofer,Joan of Arc,1948,Best Original Score,21st,no
Max,Steiner,Johnny Belinda,1948,Best Original Score,21st,no
Alfred,Newman,The Snake Pit,1948,Best Original Score,21st,no
Johnny,Green,Easter Parade,1948,Best Original Score,21st,yes
Roger,Edens,Easter Parade,1948,Best Original Score,21st,yes
Victor,Young,The Emperor Waltz,1948,Best Original Score,21st,no
Lennie,Hayton,The Pirate,1948,Best Original Score,21st,no
Ray,Heindorf,Romance on the High Seas,1948,Best Original Score,21st,no
Alfred,Newman,When My Baby Smiles at Me,1948,Best Original Score,21st,no
Aaron,Copland,The Heiress,1949,Best Original Score,22nd,yes
Max,Steiner,Beyond the Forest,1949,Best Original Score,22nd,no
Dimitri,Tiomkin,Champion,1949,Best Original Score,22nd,no
Roger,Edens,On the Town,1949,Best Original Score,22nd,yes
Lennie,Hayton,On the Town,1949,Best Original Score,22nd,yes
Morris,Stoloff,Jolson Sings Again,1949,Best Original Score,22nd,no
George,Duning,Jolson Sings Again,1949,Best Original Score,22nd,no
Ray,Heindorf,Look for the Silver Lining,1949,Best Original Score,22nd,no
Franz,Waxman,Sunset Boulevard,1950,Best Original Score,23rd,yes
Alfred,Newman,All About Eve,1950,Best Original Score,23rd,no
Max,Steiner,The Flame and the Arrow,1950,Best Original Score,23rd,no
George,Duning,No Sad Songs for Me,1950,Best Original Score,23rd,no
Victor,Young,Samson and Delilah,1950,Best Original Score,23rd,no
Adolph,Deutsch,Annie Get Your Gun,1950,Best Original Score,23rd,yes
Roger,Edens,Annie Get Your Gun,1950,Best Original Score,23rd,yes
Paul,Smith,Cinderella,1950,Best Original Score,23rd,no
Oliver,Wallace,Cinderella,1950,Best Original Score,23rd,no
Lionel,Newman,I'll Get By,1950,Best Original Score,23rd,no
André,Previn,Three Little Words,1950,Best Original Score,23rd,no
Ray,Heindorf,The West Point Story,1950,Best Original Score,23rd,no
Franz,Waxman,A Place in the Sun,1951,Best Original Score,24th,yes
Alfred,Newman,David and Bathsheba,1951,Best Original Score,24th,no
Alex,North,Death of a Salesman,1951,Best Original Score,24th,no
Miklós,Rózsa,Quo Vadis,1951,Best Original Score,24th,no
Saul,Chaplin,An American in Paris,1951,Best Original Score,24th,yes
Johnny,Green,An American in Paris,1951,Best Original Score,24th,yes
Oliver,Wallace,Alice in Wonderland,1951,Best Original Score,24th,no
Peter,Herman Adler,The Great Caruso,1951,Best Original Score,24th,no
Adolph,Deutsch,Show Boat,1951,Best Original Score,24th,no
Conrad,Salinger,Show Boat,1951,Best Original Score,24th,no
Dimitri,Tiomkin,High Noon,1952,Best Original Score,25th,yes
Miklós,Rózsa,Ivanhoe,1952,Best Original Score,25th,no
Max,Steiner,The Miracle of Our Lady of Fatima,1952,Best Original Score,25th,no
Herschel,Burke Gilbert,The Thief,1952,Best Original Score,25th,no
Alex,North,Viva Zapata!,1952,Best Original Score,25th,no
Alfred,Newman,With a Song in My Heart,1952,Best Original Score,25th,yes
Walter,Scharf,Hans Christian Andersen,1952,Best Original Score,25th,no
Ray,Heindorf,The Jazz Singer,1952,Best Original Score,25th,no
Gian,Carlo Menotti,The Medium,1952,Best Original Score,25th,no
Lennie,Hayton,Singin' in the Rain,1952,Best Original Score,25th,no
Bronisław,Kaper,Lili,1953,Best Original Score,26th,yes
Hugo,Friedhofer,Above and Beyond,1953,Best Original Score,26th,no
George,Duning,From Here to Eternity,1953,Best Original Score,26th,no
Morris,Stoloff,From Here to Eternity,1953,Best Original Score,26th,no
Miklós,Rózsa,Julius Caesar,1953,Best Original Score,26th,no
Louis,Forbes,This Is Cinerama,1953,Best Original Score,26th,no
Alfred,Newman,Call Me Madam,1953,Best Original Score,26th,yes
Friedrich,Hollaender,"The 5,000 Fingers of Dr. T.",1953,Best Original Score,26th,no
Adolph,Deutsch,The Band Wagon,1953,Best Original Score,26th,no
Ray,Heindorf,Calamity Jane,1953,Best Original Score,26th,no
Saul,Chaplin,Kiss Me Kate,1953,Best Original Score,26th,no
André,Previn,Kiss Me Kate,1953,Best Original Score,26th,no
Dimitri,Tiomkin,The High and the Mighty,1954,Best Original Score,27th,yes
Max,Steiner,The Caine Mutiny,1954,Best Original Score,27th,no
Larry,Adler,Genevieve,1954,Best Original Score,27th,no
Leonard,Bernstein,On the Waterfront,1954,Best Original Score,27th,no
Franz,Waxman,The Silver Chalice,1954,Best Original Score,27th,no
Saul,Chaplin,Seven Brides for Seven Brothers,1954,Best Original Score,27th,yes
Adolph,Deutsch,Seven Brides for Seven Brothers,1954,Best Original Score,27th,yes
Herschel,Burke Gilbert,Carmen Jones,1954,Best Original Score,27th,no
Henry,Mancini,The Glenn Miller Story,1954,Best Original Score,27th,no
Ray,Heindorf,A Star Is Born,1954,Best Original Score,27th,no
Alfred,Newman,There's No Business Like Show Business,1954,Best Original Score,27th,no
Lionel,Newman,There's No Business Like Show Business,1954,Best Original Score,27th,no
Alfred,Newman,Love Is a Many-Splendored Thing,1955,Best Original Score,28th,yes
Max,Steiner,Battle Cry,1955,Best Original Score,28th,no
Elmer,Bernstein,The Man with the Golden Arm,1955,Best Original Score,28th,no
George,Duning,Picnic,1955,Best Original Score,28th,no
Alex,North,The Rose Tattoo,1955,Best Original Score,28th,no
Robert,Russell Bennett,Oklahoma!,1955,Best Original Score,28th,yes
Jay,Blackton,Oklahoma!,1955,Best Original Score,28th,yes
Adolph,Deutsch,Oklahoma!,1955,Best Original Score,28th,yes
Cyril,J. Mockridge,Guys and Dolls,1955,Best Original Score,28th,no
André,Previn,It's Always Fair Weather,1955,Best Original Score,28th,no
Percy,Faith,Love Me or Leave Me,1955,Best Original Score,28th,no
Georgie,Stoll,Love Me or Leave Me,1955,Best Original Score,28th,no
Victor,Young,Around the World in 80 Days,1956,Best Original Score,29th,yes
Alfred,Newman,Anastasia,1956,Best Original Score,29th,no
Hugo,Friedhofer,Between Heaven and Hell,1956,Best Original Score,29th,no
Dimitri,Tiomkin,Giant,1956,Best Original Score,29th,no
Alex,North,The Rainmaker,1956,Best Original Score,29th,no
Ken,Darby,The King and I,1956,Best Original Score,29th,yes
Lionel,Newman,The Best Things in Life Are Free,1956,Best Original Score,29th,no
George,Duning,The Eddy Duchin Story,1956,Best Original Score,29th,no
Morris,Stoloff,The Eddy Duchin Story,1956,Best Original Score,29th,no
Saul,Chaplin,High Society,1956,Best Original Score,29th,no
Johnny,Green,High Society,1956,Best Original Score,29th,no
Georgie,Stoll,Meet Me in Las Vegas,1956,Best Original Score,29th,no
Malcolm,Arnold,The Bridge on the River Kwai,1957,Best Original Score,30th,yes
Hugo,Friedhofer,An Affair to Remember,1957,Best Original Score,30th,no
Hugo,Friedhofer,Boy on a Dolphin,1957,Best Original Score,30th,no
Paul,Smith,Perri,1957,Best Original Score,30th,no
Johnny,Green,Raintree County,1957,Best Original Score,30th,no
Dimitri,Tiomkin,The Old Man and the Sea,1958,Best Original Score,31st,yes
Jerome,Moross,The Big Country,1958,Best Original Score,31st,no
David,Raksin,Separate Tables,1958,Best Original Score,31st,no
Oliver,Wallace,White Wilderness,1958,Best Original Score,31st,no
Hugo,Friedhofer,The Young Lions,1958,Best Original Score,31st,no
André,Previn,Gigi,1958,Best Original Score,31st,yes
Yuri,Fayer,The Bolshoi Ballet,1958,Best Original Score,31st,no
Gennady,Rozhdestvensky,The Bolshoi Ballet,1958,Best Original Score,31st,no
Ray,Heindorf,Damn Yankees,1958,Best Original Score,31st,no
Lionel,Newman,Mardi Gras,1958,Best Original Score,31st,no
Ken,Darby,South Pacific,1958,Best Original Score,31st,no
Alfred,Newman,South Pacific,1958,Best Original Score,31st,no
Miklós,Rózsa,Ben-Hur,1959,Best Original Score,32nd,yes
Alfred,Newman,The Diary of Anne Frank,1959,Best Original Score,32nd,no
Franz,Waxman,The Nun's Story,1959,Best Original Score,32nd,no
Ernest,Gold,On the Beach,1959,Best Original Score,32nd,no
Frank,De Vol,Pillow Talk,1959,Best Original Score,32nd,no
Ken,Darby,Porgy and Bess,1959,Best Original Score,32nd,yes
André,Previn,Porgy and Bess,1959,Best Original Score,32nd,yes
Leith,Stevens,The Five Pennies,1959,Best Original Score,32nd,no
Joseph,J. Lilley,Li'l Abner,1959,Best Original Score,32nd,no
Nelson,Riddle,Li'l Abner,1959,Best Original Score,32nd,no
Lionel,Newman,Say One for Me,1959,Best Original Score,32nd,no
George,Bruns,Sleeping Beauty,1959,Best Original Score,32nd,no
Ernest,Gold,Exodus,1960,Best Original Score,33rd,yes
Dimitri,Tiomkin,The Alamo,1960,Best Original Score,33rd,no
André,Previn,Elmer Gantry,1960,Best Original Score,33rd,no
Elmer,Bernstein,The Magnificent Seven,1960,Best Original Score,33rd,no
Alex,North,Spartacus,1960,Best Original Score,33rd,no
Morris,Stoloff,Song Without End,1960,Best Original Score,33rd,yes
Harry,Sukman,Song Without End,1960,Best Original Score,33rd,yes
André,Previn,Bells Are Ringing,1960,Best Original Score,33rd,no
Nelson,Riddle,Can-Can,1960,Best Original Score,33rd,no
Earle,Hagen,Let's Make Love,1960,Best Original Score,33rd,no
Lionel,Newman,Let's Make Love,1960,Best Original Score,33rd,no
Johnny,Green,Pepe,1960,Best Original Score,33rd,no
Henry,Mancini,Breakfast at Tiffany's,1961,Best Original Score,34th,yes
Miklós,Rózsa,El Cid,1961,Best Original Score,34th,no
Morris,Stoloff,Fanny,1961,Best Original Score,34th,no
Harry,Sukman,Fanny,1961,Best Original Score,34th,no
Dimitri,Tiomkin,The Guns of Navarone,1961,Best Original Score,34th,no
Elmer,Bernstein,Summer and Smoke,1961,Best Original Score,34th,no
Saul,Chaplin,West Side Story,1961,Best Original Score,34th,yes
Johnny,Green,West Side Story,1961,Best Original Score,34th,yes
Irwin,Kostal,West Side Story,1961,Best Original Score,34th,yes
Sid,Ramin,West Side Story,1961,Best Original Score,34th,yes
George,Bruns,Babes in Toyland,1961,Best Original Score,34th,no
Alfred,Newman,Flower Drum Song,1961,Best Original Score,34th,no
Ken,Darby,Flower Drum Song,1961,Best Original Score,34th,no
Dmitri,Shostakovich,Khovanshchina,1961,Best Original Score,34th,no
Duke,Ellington,Paris Blues,1961,Best Original Score,34th,no
Maurice,Jarre,Lawrence of Arabia,1962,Best Original Score,35th,yes
Jerry,Goldsmith,Freud,1962,Best Original Score,35th,no
Bronisław,Kaper,Mutiny on the Bounty,1962,Best Original Score,35th,no
Franz,Waxman,Taras Bulba,1962,Best Original Score,35th,no
Elmer,Bernstein,To Kill a Mockingbird,1962,Best Original Score,35th,no
Ray,Heindorf,The Music Man,1962,Best Original Score,35th,yes
Georgie,Stoll,Billy Rose's Jumbo,1962,Best Original Score,35th,no
Michel,Magne,Gigot,1962,Best Original Score,35th,no
Frank,Perkins,Gypsy,1962,Best Original Score,35th,no
Leigh,Harline,The Wonderful World of the Brothers Grimm,1962,Best Original Score,35th,no
John,Addison,Tom Jones,1963,Best Original Score,36th,yes
Dimitri,Tiomkin,55 Days at Peking,1963,Best Original Score,36th,no
Alex,North,Cleopatra,1963,Best Original Score,36th,no
Alfred,Newman,How the West Was Won,1963,Best Original Score,36th,no
Ken,Darby,How the West Was Won,1963,Best Original Score,36th,no
Ernest,Gold,"It's a Mad, Mad, Mad, Mad World",1963,Best Original Score,36th,no
André,Previn,Irma la Douce,1963,Best Original Score,36th,yes
Johnny,Green,Bye Bye Birdie,1963,Best Original Score,36th,no
Leith,Stevens,A New Kind of Love,1963,Best Original Score,36th,no
Maurice,Jarre,Sundays and Cybele,1963,Best Original Score,36th,no
George,Bruns,The Sword in the Stone,1963,Best Original Score,36th,no
Sherman,Brothers,Mary Poppins,1964,Best Original Score,37th,yes
Laurence,Rosenthal,Becket,1964,Best Original Score,37th,no
Dimitri,Tiomkin,The Fall of the Roman Empire,1964,Best Original Score,37th,no
Frank,De Vol,"Hush...Hush, Sweet Charlotte",1964,Best Original Score,37th,no
Henry,Mancini,The Pink Panther,1964,Best Original Score,37th,no
André,Previn,My Fair Lady,1964,Best Original Score,37th,yes
George,Martin,A Hard Day's Night,1964,Best Original Score,37th,no
Irwin,Kostal,Mary Poppins,1964,Best Original Score,37th,no
Nelson,Riddle,Robin and the 7 Hoods,1964,Best Original Score,37th,no
Robert,Armbruster,The Unsinkable Molly Brown,1964,Best Original Score,37th,no
Leo,Arnaud,The Unsinkable Molly Brown,1964,Best Original Score,37th,no
Jack,Elliott,The Unsinkable Molly Brown,1964,Best Original Score,37th,no
Jack,Hayes,The Unsinkable Molly Brown,1964,Best Original Score,37th,no
Calvin,Jackson,The Unsinkable Molly Brown,1964,Best Original Score,37th,no
Leo,Shuken,The Unsinkable Molly Brown,1964,Best Original Score,37th,no
Maurice,Jarre,Doctor Zhivago,1965,Best Original Score,38th,yes
Alex,North,The Agony and the Ecstasy,1965,Best Original Score,38th,no
Alfred,Newman,The Greatest Story Ever Told,1965,Best Original Score,38th,no
Jerry,Goldsmith,A Patch of Blue,1965,Best Original Score,38th,no
Jacques,Demy,The Umbrellas of Cherbourg,1965,Best Original Score,38th,no
Michel,Legrand,The Umbrellas of Cherbourg,1965,Best Original Score,38th,no
Irwin,Kostal,The Sound of Music,1965,Best Original Score,38th,yes
Frank,De Vol,Cat Ballou,1965,Best Original Score,38th,no
Sandy,Courage,The Pleasure Seekers,1965,Best Original Score,38th,no
Lionel,Newman,The Pleasure Seekers,1965,Best Original Score,38th,no
Don,Walker,A Thousand Clowns,1965,Best Original Score,38th,no
Michel,Legrand,The Umbrellas of Cherbourg,1965,Best Original Score,38th,no
John,Barry,Born Free,1966,Best Original Score,39th,yes
Toshiro,Mayuzumi,The Bible: In the Beginning...,1966,Best Original Score,39th,no
Elmer,Bernstein,Hawaii,1966,Best Original Score,39th,no
Jerry,Goldsmith,The Sand Pebbles,1966,Best Original Score,39th,no
Alex,North,Who's Afraid of Virginia Woolf?,1966,Best Original Score,39th,no
Ken,Thorne,A Funny Thing Happened on the Way to the Forum,1966,Best Original Score,39th,yes
Luis,Bacalov,The Gospel According to St. Matthew,1966,Best Original Score,39th,no
Elmer,Bernstein,Return of the Seven,1966,Best Original Score,39th,no
Harry,Sukman,The Singing Nun,1966,Best Original Score,39th,no
Al,Ham,Stop the World – I Want to Get Off,1966,Best Original Score,39th,no
Elmer,Bernstein,Thoroughly Modern Millie,1967,Best Original Score,40th,yes
Lalo,Schifrin,Cool Hand Luke,1967,Best Original Score,40th,no
Leslie,Bricusse,Doctor Dolittle,1967,Best Original Score,40th,no
Richard,Rodney Bennett,Far from the Madding Crowd,1967,Best Original Score,40th,no
Quincy,Jones,In Cold Blood,1967,Best Original Score,40th,no
Ken,Darby,Camelot,1967,Best Original Score,40th,yes
Alfred,Newman,Camelot,1967,Best Original Score,40th,yes
Sandy,Courage,Doctor Dolittle,1967,Best Original Score,40th,no
Lionel,Newman,Doctor Dolittle,1967,Best Original Score,40th,no
Frank,De Vol,Guess Who's Coming to Dinner,1967,Best Original Score,40th,no
André,Previn,Thoroughly Modern Millie,1967,Best Original Score,40th,no
John,Williams,Valley of the Dolls,1967,Best Original Score,40th,no
John,Barry,The Lion in Winter,1968,Best Original Score,41st,yes
Lalo,Schifrin,The Fox,1968,Best Original Score,41st,no
Jerry,Goldsmith,Planet of the Apes,1968,Best Original Score,41st,no
Alex,North,The Shoes of the Fisherman,1968,Best Original Score,41st,no
Michel,Legrand,The Thomas Crown Affair,1968,Best Original Score,41st,no
Johnny,Green,Oliver!,1968,Best Original Score,41st,yes
Ray,Heindorf,Finian's Rainbow,1968,Best Original Score,41st,no
Walter,Scharf,Funny Girl,1968,Best Original Score,41st,no
Lennie,Hayton,Star!,1968,Best Original Score,41st,no
Jacques,Demy,The Young Girls of Rochefort,1968,Best Original Score,41st,no
Burt,Bacharach,Butch Cassidy and the Sundance Kid,1969,Best Original Score,42nd,yes
Georges,Delerue,Anne of the Thousand Days,1969,Best Original Score,42nd,no
John,Williams,The Reivers,1969,Best Original Score,42nd,no
Ernest,Gold,The Secret of Santa Vittoria,1969,Best Original Score,42nd,no
Jerry,Fielding,The Wild Bunch,1969,Best Original Score,42nd,no
Lennie,Hayton,"Hello, Dolly!",1969,Best Original Score,42nd,yes
Lionel,Newman,"Hello, Dolly!",1969,Best Original Score,42nd,yes
Leslie,Bricusse,"Goodbye, Mr. Chips",1969,Best Original Score,42nd,no
John,Williams,"Goodbye, Mr. Chips",1969,Best Original Score,42nd,no
Nelson,Riddle,Paint Your Wagon,1969,Best Original Score,42nd,no
Cy,Coleman,Sweet Charity,1969,Best Original Score,42nd,no
Johnny,Green,"They Shoot Horses, Don't They?",1969,Best Original Score,42nd,no
Albert,Woodbury,"They Shoot Horses, Don't They?",1969,Best Original Score,42nd,no
Francis,Lai,Love Story,1970,Best Original Score,43rd,yes
Alfred,Newman,Airport,1970,Best Original Score,43rd,no
Frank,Cordell,Cromwell,1970,Best Original Score,43rd,no
Jerry,Goldsmith,Patton,1970,Best Original Score,43rd,no
Henry,Mancini,Sunflower,1970,Best Original Score,43rd,no
Paul,McCartney,Let It Be,1970,Best Original Score,43rd,yes
John,Lennon,Let It Be,1970,Best Original Score,43rd,yes
Ringo,Starr,Let It Be,1970,Best Original Score,43rd,yes
George,Harrison,Let It Be,1970,Best Original Score,43rd,yes
Fred,Karlin,The Baby Maker,1970,Best Original Score,43rd,no
Rod,McKuen,A Boy Named Charlie Brown,1970,Best Original Score,43rd,no
John,Scott Trotter,A Boy Named Charlie Brown,1970,Best Original Score,43rd,no
Bill,Melendez,A Boy Named Charlie Brown,1970,Best Original Score,43rd,no
Vince,Guaraldi,A Boy Named Charlie Brown,1970,Best Original Score,43rd,no
Henry,Mancini,Darling Lili,1970,Best Original Score,43rd,no
Johnny,Mercer,Darling Lili,1970,Best Original Score,43rd,no
Leslie,Bricusse,Scrooge,1970,Best Original Score,43rd,no
Ian,Fraser,Scrooge,1970,Best Original Score,43rd,no
Herbert,W. Spencer,Scrooge,1970,Best Original Score,43rd,no
Michel,Legrand,Summer of '42,1971,Best Original Score,44th,yes
John,Barry,"Mary, Queen of Scots",1971,Best Original Score,44th,no
Richard,Rodney Bennett,Nicholas and Alexandra,1971,Best Original Score,44th,no
Isaac,Hayes,Shaft,1971,Best Original Score,44th,no
Jerry,Fielding,Straw Dogs,1971,Best Original Score,44th,no
John,Williams,Fiddler on the Roof,1971,Best Original Score,44th,yes
Sherman,Brothers,Bedknobs and Broomsticks,1971,Best Original Score,44th,no
Irwin,Kostal,Bedknobs and Broomsticks,1971,Best Original Score,44th,no
Peter,Maxwell Davies,The Boy Friend,1971,Best Original Score,44th,no
Peter,Greenwell,The Boy Friend,1971,Best Original Score,44th,no
Dimitri,Tiomkin,Tchaikovsky,1971,Best Original Score,44th,no
Leslie,Bricusse,Willy Wonka & the Chocolate Factory,1971,Best Original Score,44th,no
Anthony,Newley,Willy Wonka & the Chocolate Factory,1971,Best Original Score,44th,no
Walter,Scharf,Willy Wonka & the Chocolate Factory,1971,Best Original Score,44th,no
Charlie,Chaplin,Limelight,1972,Best Original Score,45th,yes
Raymond,Rasch,Limelight,1972,Best Original Score,45th,yes
Larry,Russell,Limelight,1972,Best Original Score,45th,yes
Nino,Rota,The Godfather,1972,Best Original Score,45th,no
John,Williams,Images,1972,Best Original Score,45th,no
Buddy,Baker,Napoleon and Samantha,1972,Best Original Score,45th,no
John,Williams,The Poseidon Adventure,1972,Best Original Score,45th,no
John,Addison,Sleuth,1972,Best Original Score,45th,no
Ralph,Burns,Cabaret,1972,Best Original Score,45th,yes
Gil,Askey,Lady Sings the Blues,1972,Best Original Score,45th,no
Laurence,Rosenthal,Man of La Mancha,1972,Best Original Score,45th,no
Marvin,Hamlisch,The Way We Were,1973,Best Original Score,46th,yes
John,Williams,Cinderella Liberty,1973,Best Original Score,46th,no
Georges,Delerue,The Day of the Dolphin,1973,Best Original Score,46th,no
Jerry,Goldsmith,Papillon,1973,Best Original Score,46th,no
John,Cameron,A Touch of Class,1973,Best Original Score,46th,no
Marvin,Hamlisch,The Sting,1973,Best Original Score,46th,yes
André,Previn,Jesus Christ Superstar,1973,Best Original Score,46th,no
Herbert,W. Spencer,Jesus Christ Superstar,1973,Best Original Score,46th,no
Andrew,Lloyd Webber,Jesus Christ Superstar,1973,Best Original Score,46th,no
Sherman,Brothers,Tom Sawyer,1973,Best Original Score,46th,no
John,Williams,Tom Sawyer,1973,Best Original Score,46th,no
Nino,Rota,The Godfather Part II,1974,Best Original Score,47th,yes
Carmine,Coppola,The Godfather Part II,1974,Best Original Score,47th,yes
Jerry,Goldsmith,Chinatown,1974,Best Original Score,47th,no
Richard,Rodney Bennett,Murder on the Orient Express,1974,Best Original Score,47th,no
Alex,North,Shanks,1974,Best Original Score,47th,no
John,Williams,The Towering Inferno,1974,Best Original Score,47th,no
Nelson,Riddle,The Great Gatsby,1974,Best Original Score,47th,yes
Alan,Jay Lerner,The Little Prince,1974,Best Original Score,47th,no
Frederick,Loewe,The Little Prince,1974,Best Original Score,47th,no
Douglas,Gamley,The Little Prince,1974,Best Original Score,47th,no
Angela,Morley,The Little Prince,1974,Best Original Score,47th,no
Paul,Williams,Phantom of the Paradise,1974,Best Original Score,47th,no
George,Tipton,Phantom of the Paradise,1974,Best Original Score,47th,no
John,Williams,Jaws,1975,Best Original Score,48th,yes
Gerald,Fried,"Birds Do It, Bees Do It",1975,Best Original Score,48th,no
Alex,North,Bite the Bullet,1975,Best Original Score,48th,no
Jack,Nitzsche,One Flew Over the Cuckoo's Nest,1975,Best Original Score,48th,no
Jerry,Goldsmith,The Wind and the Lion,1975,Best Original Score,48th,no
Leonard,Rosenman,Barry Lyndon,1975,Best Original Score,48th,yes
Peter,Matz,Funny Lady,1975,Best Original Score,48th,no
Pete,Townshend,Tommy,1975,Best Original Score,48th,no
Jerry,Goldsmith,The Omen,1976,Best Original Score,49th,yes
Bernard,Herrmann,Obsession,1976,Best Original Score,49th,no
Jerry,Fielding,The Outlaw Josey Wales,1976,Best Original Score,49th,no
Bernard,Herrmann,Taxi Driver,1976,Best Original Score,49th,no
Lalo,Schifrin,Voyage of the Damned,1976,Best Original Score,49th,no
Leonard,Rosenman,Bound for Glory,1976,Best Original Score,49th,yes
Paul,Williams,Bugsy Malone,1976,Best Original Score,49th,no
Roger,Kellaway,A Star Is Born,1976,Best Original Score,49th,no
John,Williams,Star Wars,1977,Best Original Score,50th,yes
John,Williams,Close Encounters of the Third Kind,1977,Best Original Score,50th,no
Georges,Delerue,Julia,1977,Best Original Score,50th,no
Maurice,Jarre,"Mohammad, Messenger of God",1977,Best Original Score,50th,no
Marvin,Hamlisch,The Spy Who Loved Me,1977,Best Original Score,50th,no
Jonathan,Tunick,A Little Night Music,1977,Best Original Score,50th,yes
Joel,Hirschhorn,Pete's Dragon,1977,Best Original Score,50th,no
Al,Kasha,Pete's Dragon,1977,Best Original Score,50th,no
Irwin,Kostal,Pete's Dragon,1977,Best Original Score,50th,no
Sherman,Brothers,The Slipper and the Rose,1977,Best Original Score,50th,no
Angela,Morley,The Slipper and the Rose,1977,Best Original Score,50th,no
Giorgio,Moroder,Midnight Express,1978,Best Original Score,51st,yes
Jerry,Goldsmith,The Boys from Brazil,1978,Best Original Score,51st,no
Ennio,Morricone,Days of Heaven,1978,Best Original Score,51st,no
Dave,Grusin,Heaven Can Wait,1978,Best Original Score,51st,no
John,Williams,Superman,1978,Best Original Score,51st,no
Joe,Renzetti,The Buddy Holly Story,1978,Best Original Score,51st,yes
Jerry,Wexler,Pretty Baby,1978,Best Original Score,51st,no
Quincy,Jones,The Wiz,1978,Best Original Score,51st,no
Georges,Delerue,A Little Romance,1979,Best Original Score,52nd,yes
Henry,Mancini,10,1979,Best Original Score,52nd,no
Lalo,Schifrin,The Amityville Horror,1979,Best Original Score,52nd,no
Dave,Grusin,The Champ,1979,Best Original Score,52nd,no
Jerry,Goldsmith,Star Trek: The Motion Picture,1979,Best Original Score,52nd,no
Ralph,Burns,All That Jazz,1979,Best Original Score,52nd,yes
Patrick,Williams,Breaking Away,1979,Best Original Score,52nd,no
Paul,Williams,The Muppet Movie,1979,Best Original Score,52nd,no
Kenny,Ascher,The Muppet Movie,1979,Best Original Score,52nd,no
Michael,Gore,Fame,1980,Best Original Score,53rd,yes
John,Corigliano,Altered States,1980,Best Original Score,53rd,no
John,Morris,The Elephant Man,1980,Best Original Score,53rd,no
John,Williams,The Empire Strikes Back,1980,Best Original Score,53rd,no
Philippe,Sarde,Tess,1980,Best Original Score,53rd,no
Evangelos,Papathanassiou,Chariots of Fire,1981,Best Original Score,54th,yes
Alex,North,Dragonslayer,1981,Best Original Score,54th,no
Dave,Grusin,On Golden Pond,1981,Best Original Score,54th,no
Randy,Newman,Ragtime,1981,Best Original Score,54th,no
John,Williams,Raiders of the Lost Ark,1981,Best Original Score,54th,no
John,Williams,E.T. the Extra-Terrestrial,1982,Best Original Score,55th,yes
George,Fenton,Gandhi,1982,Best Original Score,55th,no
Ravi,Shankar,Gandhi,1982,Best Original Score,55th,no
Jack,Nitzsche,An Officer and a Gentleman,1982,Best Original Score,55th,no
Jerry,Goldsmith,Poltergeist,1982,Best Original Score,55th,no
Marvin,Hamlisch,Sophie's Choice,1982,Best Original Score,55th,no
Henry,Mancini,Victor/Victoria,1982,Best Original Score,55th,yes
Leslie,Bricusse,Victor/Victoria,1982,Best Original Score,55th,yes
Ralph,Burns,Annie,1982,Best Original Score,55th,no
Tom,Waits,One from the Heart,1982,Best Original Score,55th,no
Bill,Conti,The Right Stuff,1983,Best Original Score,56th,yes
Leonard,Rosenman,Cross Creek,1983,Best Original Score,56th,no
John,Williams,Return of the Jedi,1983,Best Original Score,56th,no
Michael,Gore,Terms of Endearment,1983,Best Original Score,56th,no
Jerry,Goldsmith,Under Fire,1983,Best Original Score,56th,no
Michel,Legrand,Yentl,1983,Best Original Score,56th,yes
Alan,and Marilyn Bergman,Yentl,1983,Best Original Score,56th,yes
Lalo,Schifrin,The Sting II,1983,Best Original Score,56th,no
Elmer,Bernstein,Trading Places,1983,Best Original Score,56th,no
Maurice,Jarre,A Passage to India,1984,Best Original Score,57th,yes
John,Williams,Indiana Jones and the Temple of Doom,1984,Best Original Score,57th,no
John,Williams,The River,1984,Best Original Score,57th,no
Randy,Newman,The Natural,1984,Best Original Score,57th,no
Alex,North,Under the Volcano,1984,Best Original Score,57th,no
Prince,Nelson,Purple Rain,1984,Best Original Score,57th,yes
Jeff,Moss,The Muppets Take Manhattan,1984,Best Original Score,57th,no
Kris,Kristofferson,Songwriter,1984,Best Original Score,57th,no
John,Barry,Out of Africa,1985,Best Original Score,58th,yes
Georges,Delerue,Agnes of God,1985,Best Original Score,58th,no
Jorge,Calandrelli,The Color Purple,1985,Best Original Score,58th,no
Andraé,Crouch,The Color Purple,1985,Best Original Score,58th,no
Jack,Hayes,The Color Purple,1985,Best Original Score,58th,no
Jerry,Hey,The Color Purple,1985,Best Original Score,58th,no
Quincy,Jones,The Color Purple,1985,Best Original Score,58th,no
Randy,Kerber,The Color Purple,1985,Best Original Score,58th,no
Jeremy,Lubbock,The Color Purple,1985,Best Original Score,58th,no
Caiphus,Semenya,The Color Purple,1985,Best Original Score,58th,no
Fred,Steiner,The Color Purple,1985,Best Original Score,58th,no
Rod,Temperton,The Color Purple,1985,Best Original Score,58th,no
Bruce,Broughton,Silverado,1985,Best Original Score,58th,no
Maurice,Jarre,Witness,1985,Best Original Score,58th,no
Herbie,Hancock,Round Midnight,1986,Best Original Score,59th,yes
James,Horner,Aliens,1986,Best Original Score,59th,no
Jerry,Goldsmith,Hoosiers,1986,Best Original Score,59th,no
Ennio,Morricone,The Mission,1986,Best Original Score,59th,no
Leonard,Rosenman,Star Trek IV: The Voyage Home,1986,Best Original Score,59th,no
Ryuichi,Sakamoto,The Last Emperor,1987,Best Original Score,60th,yes
David,Byrne,The Last Emperor,1987,Best Original Score,60th,yes
Cong,Su,The Last Emperor,1987,Best Original Score,60th,yes
George,Fenton,Cry Freedom,1987,Best Original Score,60th,no
Jonas,Gwangwa,Cry Freedom,1987,Best Original Score,60th,no
John,Williams,Empire of the Sun,1987,Best Original Score,60th,no
John,Williams,The Witches of Eastwick,1987,Best Original Score,60th,no
Ennio,Morricone,The Untouchables,1987,Best Original Score,60th,no
Dave,Grusin,The Milagro Beanfield War,1988,Best Original Score,61st,yes
John,Williams,The Accidental Tourist,1988,Best Original Score,61st,no
George,Fenton,Dangerous Liaisons,1988,Best Original Score,61st,no
Maurice,Jarre,Gorillas in the Mist,1988,Best Original Score,61st,no
Hans,Zimmer,Rain Man,1988,Best Original Score,61st,no
Alan,Menken,The Little Mermaid,1989,Best Original Score,62nd,yes
John,Williams,Born on the Fourth of July,1989,Best Original Score,62nd,no
John,Williams,Indiana Jones and the Last Crusade,1989,Best Original Score,62nd,no
Dave,Grusin,The Fabulous Baker Boys,1989,Best Original Score,62nd,no
James,Horner,Field of Dreams,1989,Best Original Score,62nd,no
John,Barry,Dances with Wolves,1990,Best Original Score,63rd,yes
Randy,Newman,Avalon,1990,Best Original Score,63rd,no
Maurice,Jarre,Ghost,1990,Best Original Score,63rd,no
Dave,Grusin,Havana,1990,Best Original Score,63rd,no
John,Williams,Home Alone,1990,Best Original Score,63rd,no
Alan,Menken,Beauty and the Beast,1991,Best Original Score,64th,yes
Ennio,Morricone,Bugsy,1991,Best Original Score,64th,no
George,Fenton,The Fisher King,1991,Best Original Score,64th,no
John,Williams,JFK,1991,Best Original Score,64th,no
James,Newton Howard,The Prince of Tides,1991,Best Original Score,64th,no
Alan,Menken,Aladdin,1992,Best Original Score,65th,yes
Jerry,Goldsmith,Basic Instinct,1992,Best Original Score,65th,no
John,Barry,Chaplin,1992,Best Original Score,65th,no
Richard,Robbins,Howards End,1992,Best Original Score,65th,no
Mark,Isham,A River Runs Through It,1992,Best Original Score,65th,no
John,Williams,Schindler's List,1993,Best Original Score,66th,yes
Elmer,Bernstein,The Age of Innocence,1993,Best Original Score,66th,no
Dave,Grusin,The Firm,1993,Best Original Score,66th,no
James,Newton Howard,The Fugitive,1993,Best Original Score,66th,no
Richard,Robbins,The Remains of the Day,1993,Best Original Score,66th,no
Hans,Zimmer,The Lion King,1994,Best Original Score,67th,yes
Alan,Silvestri,Forrest Gump,1994,Best Original Score,67th,no
Elliot,Goldenthal,Interview with the Vampire,1994,Best Original Score,67th,no
Thomas,Newman,Little Women,1994,Best Original Score,67th,no
Thomas,Newman,The Shawshank Redemption,1994,Best Original Score,67th,no
Luis,Bacalov,The Postman,1995,Best Original Score,68th,yes
James,Horner,Apollo 13,1995,Best Original Score,68th,no
James,Horner,Braveheart 13,1995,Best Original Score,68th,no
John,Williams,Nixon,1995,Best Original Score,68th,no
Patrick,Doyle,Sense and Sensibility,1995,Best Original Score,68th,no
Alan,Menken,Pocahontas,1995,Best Original Score,68th,yes
Stephen,Schwartz,Pocahontas,1995,Best Original Score,68th,yes
Marc,Shaiman,The American President,1995,Best Original Score,68th,no
John,Williams,Sabrina,1995,Best Original Score,68th,no
Randy,Newman,Toy Story,1995,Best Original Score,68th,no
Thomas,Newman,Unstrung Heroes,1995,Best Original Score,68th,no
Gabriel,Yared,The English Patient,1996,Best Original Score,69th,yes
Patrick,Doyle,Hamlet,1996,Best Original Score,69th,no
Elliot,Goldenthal,Michael Collins,1996,Best Original Score,69th,no
David,Hirschfelder,Shine,1996,Best Original Score,69th,no
John,Williams,Sleepers,1996,Best Original Score,69th,no
Rachel,Portman,Emma,1996,Best Original Score,69th,yes
Marc,Shaiman,The First Wives Club,1996,Best Original Score,69th,no
Alan,Menken,The Hunchback of Notre Dame,1996,Best Original Score,69th,no
Stephen,Schwartz,The Hunchback of Notre Dame,1996,Best Original Score,69th,no
Randy,Newman,James and the Giant Peach,1996,Best Original Score,69th,no
Hans,Zimmer,The Preacher's Wife,1996,Best Original Score,69th,no
James,Horner,Titanic,1997,Best Original Score,70th,yes
John,Williams,Amistad,1997,Best Original Score,70th,no
Danny,Elfman,Good Will Hunting,1997,Best Original Score,70th,no
Philip,Glass,Kundun,1997,Best Original Score,70th,no
Jerry,Goldsmith,L.A. Confidential,1997,Best Original Score,70th,no
Anne,Dudley,The Full Monty,1997,Best Original Score,70th,yes
Stephen,Flaherty,Anastasia,1997,Best Original Score,70th,no
Lynn,Ahrens,Anastasia,1997,Best Original Score,70th,no
David,Newman,Anastasia,1997,Best Original Score,70th,no
Hans,Zimmer,As Good as It Gets,1997,Best Original Score,70th,no
James,Newton Howard,My Best Friend's Wedding,1997,Best Original Score,70th,no
Nicola,Piovani,Life Is Beautiful,1998,Best Original Score,71st,yes
David,Hirschfelder,Elizabeth,1998,Best Original Score,71st,no
Randy,Newman,Pleasantville,1998,Best Original Score,71st,no
John,Williams,Saving Private Ryan,1998,Best Original Score,71st,no
Hans,Zimmer,The Thin Red Line,1998,Best Original Score,71st,no
Stephen,Warbeck,Shakespeare in Love,1998,Best Original Score,71st,yes
Matthew,Wilder,Mulan,1998,Best Original Score,71st,no
David,Zippel,Mulan,1998,Best Original Score,71st,no
Jerry,Goldsmith,Mulan,1998,Best Original Score,71st,no
Marc,Shaiman,Patch Adams,1998,Best Original Score,71st,no
Stephen,Schwartz,The Prince of Egypt,1998,Best Original Score,71st,no
Hans,Zimmer,The Prince of Egypt,1998,Best Original Score,71st,no
John,Corigliano,The Red Violin,1999,Best Original Score,72nd,yes
Thomas,Newman,American Beauty,1999,Best Original Score,72nd,no
John,Williams,Angela's Ashes,1999,Best Original Score,72nd,no
Rachel,Portman,The Cider House Rules,1999,Best Original Score,72nd,no
Gabriel,Yared,The Talented Mr. Ripley,1999,Best Original Score,72nd,no
Tan,Dun,"Crouching Tiger, Hidden Dragon",2000,Best Original Score,73rd,yes
Rachel,Portman,Chocolat,2000,Best Original Score,73rd,no
Hans,Zimmer,Gladiator,2000,Best Original Score,73rd,no
Ennio,Morricone,Malèna,2000,Best Original Score,73rd,no
John,Williams,The Patriot,2000,Best Original Score,73rd,no
Howard,Shore,The Lord of the Rings: The Fellowship of the Ring,2001,Best Original Score,74th,yes
John,Williams,A.I. Artificial Intelligence,2001,Best Original Score,74th,no
John,Williams,Harry Potter and the Sorcerer's Stone,2001,Best Original Score,74th,no
James,Horner,A Beautiful Mind,2001,Best Original Score,74th,no
Randy,Newman,"Monsters, Inc.",2001,Best Original Score,74th,no
Elliot,Goldenthal,Frida,2002,Best Original Score,75th,yes
John,Williams,Catch Me If You Can,2002,Best Original Score,75th,no
Elmer,Bernstein,Far from Heaven,2002,Best Original Score,75th,no
Philip,Glass,The Hours,2002,Best Original Score,75th,no
Thomas,Newman,Road to Perdition,2002,Best Original Score,75th,no
Howard,Shore,The Lord of the Rings: The Return of the King,2003,Best Original Score,76th,yes
Danny,Elfman,Big Fish,2003,Best Original Score,76th,no
Gabriel,Yared,Cold Mountain,2003,Best Original Score,76th,no
Thomas,Newman,Finding Nemo,2003,Best Original Score,76th,no
James,Horner,House of Sand and Fog,2003,Best Original Score,76th,no
Jan,A. P. Kaczmarek,Finding Neverland,2004,Best Original Score,77th,yes
John,Williams,Harry Potter and the Prisoner of Azkaban,2004,Best Original Score,77th,no
Thomas,Newman,Lemony Snicket's A Series of Unfortunate Events,2004,Best Original Score,77th,no
John,Debney,The Passion of the Christ,2004,Best Original Score,77th,no
James,Newton Howard,The Village,2004,Best Original Score,77th,no
Gustavo,Santaolalla,Brokeback Mountain,2005,Best Original Score,78th,yes
Alberto,Iglesias,The Constant Gardener,2005,Best Original Score,78th,no
John,Williams,Memoirs of a Geisha,2005,Best Original Score,78th,no
John,Williams,Munich,2005,Best Original Score,78th,no
Dario,Marianelli,Pride & Prejudice,2005,Best Original Score,78th,no
Gustavo,Santaolalla,Babel,2006,Best Original Score,79th,yes
Thomas,Newman,The Good German,2006,Best Original Score,79th,no
Philip,Glass,Notes on a Scandal,2006,Best Original Score,79th,no
Javier,Navarrete,Pan's Labyrinth,2006,Best Original Score,79th,no
Alexandre,Desplat,The Queen,2006,Best Original Score,79th,no
Dario,Marianelli,Atonement,2007,Best Original Score,80th,yes
Marco,Beltrami,3:10 to Yuma,2007,Best Original Score,80th,no
Alberto,Iglesias,The Kite Runner,2007,Best Original Score,80th,no
James,Newton Howard,Michael Clayton,2007,Best Original Score,80th,no
Michael,Giacchino,Ratatouille,2007,Best Original Score,80th,no
A.,R. Rahman,Slumdog Millionaire,2008,Best Original Score,81st,yes
Alexandre,Desplat,The Curious Case of Benjamin Button,2008,Best Original Score,81st,no
James,Newton Howard,Defiance,2008,Best Original Score,81st,no
Danny,Elfman,Milk,2008,Best Original Score,81st,no
Thomas,Newman,WALL-E,2008,Best Original Score,81st,no
Michael,Giacchino,Up,2009,Best Original Score,82nd,yes
James,Horner,Avatar,2009,Best Original Score,82nd,no
Alexandre,Desplat,Fantastic Mr. Fox,2009,Best Original Score,82nd,no
Marco,Beltrami,The Hurt Locker,2009,Best Original Score,82nd,no
Buck,Sanders,The Hurt Locker,2009,Best Original Score,82nd,no
Hans,Zimmer,Sherlock Holmes,2009,Best Original Score,82nd,no
Trent,Reznor,The Social Network,2010,Best Original Score,83rd,yes
Atticus,Ross,The Social Network,2010,Best Original Score,83rd,yes
A.,R. Rahman,127 Hours,2010,Best Original Score,83rd,no
John,Powell,How to Train Your Dragon,2010,Best Original Score,83rd,no
Hans,Zimmer,Inception,2010,Best Original Score,83rd,no
Alexandre,Desplat,The King's Speech,2010,Best Original Score,83rd,no
Ludovic,Bource,The Artist,2011,Best Original Score,84th,yes
John,Williams,The Adventures of Tintin,2011,Best Original Score,84th,no
Howard,Shore,Hugo,2011,Best Original Score,84th,no
Alberto,Iglesias,Tinker Tailor Soldier Spy,2011,Best Original Score,84th,no
John,Williams,War Horse,2011,Best Original Score,84th,no
Mychael,Danna,Life of Pi,2012,Best Original Score,85th,yes
Dario,Marianelli,Anna Karenina,2012,Best Original Score,85th,no
Alexandre,Desplat,Argo,2012,Best Original Score,85th,no
John,Williams,Lincoln,2012,Best Original Score,85th,no
Thomas,Newman,Skyfall,2012,Best Original Score,85th,no
Steven,Price,Gravity,2013,Best Original Score,86th,yes
John,Williams,The Book Thief,2013,Best Original Score,86th,no
Will,Butler,Her,2013,Best Original Score,86th,no
Owen,Pallett,Her,2013,Best Original Score,86th,no
Alexandre,Desplat,Philomena,2013,Best Original Score,86th,no
Thomas,Newman,Saving Mr. Banks,2013,Best Original Score,86th,no
Alexandre,Desplat,The Grand Budapest Hotel,2014,Best Original Score,87th,yes
Alexandre,Desplat,The Imitation Game,2014,Best Original Score,87th,no
Hans,Zimmer,Interstellar,2014,Best Original Score,87th,no
Gary,Yershon,Mr. Turner,2014,Best Original Score,87th,no
Jóhann,Jóhannsson,The Theory of Everything,2014,Best Original Score,87th,no
Ennio,Morricone,The Hateful Eight,2015,Best Original Score,88th,yes
Thomas,Newman,Bridge of Spies,2015,Best Original Score,88th,no
Carter,Burwell,Carol,2015,Best Original Score,88th,no
Jóhann,Jóhannsson,Sicario,2015,Best Original Score,88th,no
John,Williams,Star Wars: The Force Awakens,2015,Best Original Score,88th,no
Justin,Hurwitz,La La Land,2016,Best Original Score,89th,yes
Mica,Levi,Jackie,2016,Best Original Score,89th,no
Dustin,O'Halloran,Lion,2016,Best Original Score,89th,no
Volker,Bertelmann,Lion,2016,Best Original Score,89th,no
Nicholas,Britell,Moonlight,2016,Best Original Score,89th,no
Thomas,Newman,Passengers,2016,Best Original Score,89th,no
Alexandre,Desplat,The Shape of Water,2017,Best Original Score,90th,yes
Hans,Zimmer,Dunkirk,2017,Best Original Score,90th,no
Jonny,Greenwood,Phantom Thread,2017,Best Original Score,90th,no
John,Williams,Star Wars: The Last Jedi,2017,Best Original Score,90th,no
Carter,Burwell,"Three Billboards Outside Ebbing, Missouri",2017,Best Original Score,90th,no
Ludwig,Göransson,Black Panther,2018,Best Original Score,91st,yes
Terence,Blanchard,BlacKkKlansman,2018,Best Original Score,91st,no
Nicholas,Britell,If Beale Street Could Talk,2018,Best Original Score,91st,no
Alexandre,Desplat,Isle of Dogs,2018,Best Original Score,91st,no
Marc,Shaiman,Mary Poppins Returns,2018,Best Original Score,91st,no
Hildur,Guðnadóttir,Joker,2019,Best Original Score,92nd,yes
Alexandre,Desplat,Little Women,2019,Best Original Score,92nd,no
Randy,Newman,Marriage Story,2019,Best Original Score,92nd,no
Thomas,Newman,1917,2019,Best Original Score,92nd,no
John,Williams,Star Wars: The Rise of Skywalker,2019,Best Original Score,92nd,no
Trent,Reznor,Soul,2020,Best Original Score,93rd,yes
Atticus,Ross,Soul,2020,Best Original Score,93rd,yes
Jon,Batiste,Soul,2020,Best Original Score,93rd,yes
Terence,Blanchard,Da 5 Bloods,2020,Best Original Score,93rd,no
Trent,Reznor,Mank,2020,Best Original Score,93rd,no
Atticus,Ross,Mank,2020,Best Original Score,93rd,no
Emile,Mosseri,Minari,2020,Best Original Score,93rd,no
James,Newton Howard,News of the World,2020,Best Original Score,93rd,no
Hans,Zimmer,Dune,2021,Best Original Score,94th,yes
Nicholas,Britell,Don't Look Up,2021,Best Original Score,94th,no
Germaine,Franco,Encanto,2021,Best Original Score,94th,no
Alberto,Iglesias,Parallel Mothers,2021,Best Original Score,94th,no
Jonny,Greenwood,The Power of the Dog,2021,Best Original Score,94th,no
Volker,Bertelmann,All Quiet on the Western Front,2022,Best Original Score,95th,yes
Justin,Hurwitz,Babylon,2022,Best Original Score,95th,no
Carter,Burwell,The Banshees of Inisherin,2022,Best Original Score,95th,no
Son,Lux,Everything Everywhere All at Once,2022,Best Original Score,95th,no
John,Williams,The Fabelmans,2022,Best Original Score,95th,no
Ludwig,Göransson,Oppenheimer,2023,Best Original Score,96th,yes
Laura,Karpman,American Fiction,2023,Best Original Score,96th,no
John,Williams,Indiana Jones and the Dial of Destiny,2023,Best Original Score,96th,no
Robbie,Robertson,Killers of the Flower Moon,2023,Best Original Score,96th,no
Jerskin,Fendrix,Poor Things,2023,Best Original Score,96th,no
Daniel,Blumberg,The Brutalist,2024,Best Original Score,97th,yes
Volker,Bertelmann,Conclave,2024,Best Original Score,97th,no
Clément,Ducol,Emilia Pérez,2024,Best Original Score,97th,no
Camille,Dalmais,Emilia Pérez,2024,Best Original Score,97th,no
John,Powell,Wicked,2024,Best Original Score,97th,no
Stephen,Schwartz,Wicked,2024,Best Original Score,97th,no
Kris,Bowers,The Wild Robot,2024,Best Original Score,97th,no
