firstName,lastName,movieTitle,releaseYear
Walt,Disney,Flowers and Trees,1931
Leon,Schlesinger,It's Got Me Again!,1931
Walt,Disney,Mickey's Orphans,1931
Walt,Disney,Three Little Pigs,1932
Walt,Disney,Building a Building,1932
Walter,Lantz,The Merry Old Soul,1932
Walt,Disney,The Tortoise and the Hare,1934
Charles,Mintz,Holiday Land,1934
Walter,Lantz,Jolly Little Elves,1934
Walt,Disney,Three Orphan Kittens,1935
Harman-Ising,,The Calico Dragon,1935
Walt,Disney,Who Killed Cock Robin?,1935
Walt,Disney,The Country Cousin,1936
Harman-Ising,,The Old Mill Pond,1936
Max,Fleischer,Popeye the Sailor Meets Sindbad the Sailor,1936
Walt,Disney,The Old Mill,1937
Max,Fleischer,Educated Fish,1937
Charles,Mintz,Little Match Girl,1937
Walt,Disney,Ferdinand the Bull,1938
Walt,Disney,Brave Little Tailor,1938
Max,Fleischer,Hunky and Spunky,1938
Walt,Disney,Mother Goose Goes Hollywood,1938
Walt,Disney,The Ugly Duckling,1939
Leon,Schlesinger,Detouring America,1939
Harman-Ising,,Peace on Earth,1939
Walt,Disney,The Pointer,1939
Fred,Quimby,The Milky Way,1940
Fred,Quimby,Puss Gets the Boot,1940
Leon,Schlesinger,A Wild Hare,1940
Walt,Disney,Lend a Paw,1941
Walter,Lantz,"Boogie Woogie Bugle Boy of Company ""B""",1941
Leon,Schlesinger,Hiawatha's Rabbit Hunt,1941
Fred,Quimby,The Night Before Christmas,1941
Leon,Schlesinger,Rhapsody in Rivets,1941
George,Pal,Rhythm in the Ranks,1941
Fred,Quimby,The Rookie Bear,1941
Max,Fleischer,Superman,1941
Walt,Disney,Truant Officer Donald,1941
Walt,Disney,Der Fuehrer's Face,1942
Paul,Terry,"All Out for ""V""",1942
Fred,Quimby,Blitz Wolf,1942
Walter,Lantz,Juke Box Jamboree,1942
Leon,Schlesinger,Pigs in a Polka,1942
George,Pal,Tulips Shall Grow,1942
Fred,Quimby,The Yankee Doodle Mouse,1943
George,Pal,The 500 Hats of Bartholomew Cubbins,1943
Walter,Lantz,The Dizzy Acrobat,1943
Leon,Schlesinger,Greetings Bait,1943
Dave,Fleischer,Imagination,1943
Walt,Disney,Reason and Emotion,1943
Fred,Quimby,Mouse Trouble,1944
George,Pal,And to Think That I Saw It on Mulberry Street,1944
Hugh,McCollum,"Dog, Cat and Canary",1944
Walter,Lantz,Fish Fry,1944
Walt,Disney,How to Play Football,1944
Paul,Terry,"My Boy, Johnny",1944
Leon,Schlesinger,Swooner Crooner,1944
Fred,Quimby,Quiet Please!,1945
Walt,Disney,Donald's Crime,1945
George,Pal,Jasper and the Beanstalk,1945
Edward,Selzer,Life with Feathers,1945
Paul,Terry,Mighty Mouse in Gypsy Life,1945
Walter,Lantz,The Poet and Peasant,1945
Fred,Quimby,The Cat Concerto,1946
George,Pal,John Henry and the Inky-Poo,1946
Walter,Lantz,Musical Moments from Chopin,1946
Walt,Disney,Squatter's Rights,1946
Edward,Selzer,Walky Talky Hawky,1946
Edward,Selzer,Tweetie Pie,1947
Walt,Disney,Chip an' Dale,1947
Fred,Quimby,Dr. Jekyll and Mr. Mouse,1947
Walt,Disney,Pluto's Blue Note,1947
George,Pal,Tubby the Tuba,1947
Fred,Quimby,The Little Orphan,1948
Walt,Disney,Mickey and the Seal,1948
Edward,Selzer,Mouse Wreckers,1948
United,Productions of America,Robin Hoodlum,1948
Walt,Disney,Tea for Two Hundred,1948
Edward,Selzer,For Scent-imental Reasons,1949
Edward,Selzer,Canary Row,1949
Fred,Quimby,Hatch Up Your Troubles,1949
Stephen,Bosustow,Magic Fluke,1949
Walt,Disney,Toy Tinkers,1949
Stephen,Bosustow,Gerald McBoing-Boing,1950
Fred,Quimby,Jerry's Cousin,1950
Stephen,Bosustow,Trouble Indemnity,1950
Fred,Quimby,The Two Mouseketeers,1951
Walt,Disney,Lambert the Sheepish Lion,1951
Stephen,Bosustow,Rooty Toot Toot,1951
Fred,Quimby,Johann Mouse,1952
Stephen,Bosustow,Madeline,1952
Tom,Daly,Romance of Transportation,1952
Walt,Disney,"Toot, Whistle, Plunk and Boom",1953
Stephen,Bosustow,Christopher Crumpet,1953
Edward,Selzer,From A to Z-Z-Z-Z,1953
Stephen,Bosustow,When Magoo Flew,1954
Walter,Lantz,Crazy Mixed Up Pup,1954
Walt,Disney,Pigs Is Pigs,1954
Edward,Selzer,Sandy Claws,1954
Fred,Quimby,"Touché, Pussy Cat!",1954
Edward,Selzer,Speedy Gonzales,1955
Fred,Quimby,Good Will to Men,1955
William,Hanna,Good Will to Men,1955
Joseph,Barbera,Good Will to Men,1955
Walter,Lantz,The Legend of Rockabye Point,1955
Walt,Disney,No Hunting,1955
Stephen,Bosustow,Magoo's Puddle Jumper,1956
Edward,Selzer,Birds Anonymous,1957
William,Hanna,One Droopy Knight,1957
Joseph,Barbera,One Droopy Knight,1957
Stephen,Bosustow,Trees and Jamaica Daddy,1957
Walt,Disney,The Truth About Mother Goose,1957
John,W. Burton,Knighty Knight Bugs,1958
Walt,Disney,Paul Bunyan,1958
John,Hubley,Moonbird,1959
John,W. Burton,Mexicali Shmoes,1959
Walt,Disney,Noah's Ark,1959
Ernest,Pintoff,The Violinist,1959
William,L. Snyder,Munro,1960
Walt,Disney,Goliath II,1960
Warner,Bros.,High Note,1960
Zagreb,Film,Ersatz,1961
Walt,Disney,Aquamania,1961
Chuck,Jones,Beep Prepared,1961
Friz,Freleng,The Pied Piper of Guadalupe,1961
Faith,,The Hole,1962
John,Hubley,The Hole,1962
Jules,Engel,Icarus Montgolfier Wright,1962
Warner,Bros.,Now Hear This,1962
William,L. Snyder,Self Defense—For Cowards,1962
Walt,Disney,A Symposium on Popular Songs,1962
Ernest,Pintoff,The Critic,1963
John,Halas,Automania 2000,1963
Dušan,Vukotić,The Game (Igra),1963
Tom,Daly,My Financial Career,1963
Colin,Low,My Financial Career,1963
Carmen,D'Avino,Pianissimo,1963
David,H. DePatie,The Pink Phink,1964
Friz,Freleng,The Pink Phink,1964
National,Film Board of Canada,Christmas Cracker,1964
William,L. Snyder,Here's Nudnik,1964
Chuck,Jones,The Dot and the Line,1965
Eli,Noyes,Clay or The Origin of Species,1965
Emanuele,Luzzati,The Thieving Magpie,1965
Faith,,A Herb Alpert and the Tijuana Brass Double Feature,1966
John,Hubley,A Herb Alpert and the Tijuana Brass Double Feature,1966
Wolf,Koenig,The Drag,1966
Robert,Verrall,The Drag,1966
David,H. DePatie,The Pink Blueprint,1966
Friz,Freleng,The Pink Blueprint,1966
Fred,Wolf,The Box,1967
Robert,Verrall,What on Earth!,1967
Wolf,Koenig,What on Earth!,1967
Walt,Disney,Winnie the Pooh and the Blustery Day,1968
p.n.,,Winnie the Pooh and the Blustery Day,1968
Wolf,Koenig,The House That Jack Built,1968
Jimmy,Murakami,The Magic Pear Tree,1968
Faith,,Windy Day,1968
John,Hubley,Windy Day,1968
Ward,Kimball,It's Tough to Be a Bird,1969
Faith,,Of Men and Demons,1969
John,Hubley,Of Men and Demons,1969
Ryan,Larkin,Walking,1969
Dale,Case,The Further Adventures of Uncle Sam,1970
Ted,Petok,The Crunch Bird,1971
Michael,Mills,Evolution,1971
Gerald,Potterton,The Selfish Giant,1971
Richard,Williams,A Christmas Carol,1972
Bob,Godfrey,Kama Sutra Rides Again,1972
Nedeljko,Dragić,Tup Tup,1972
Frank,Mouris,Frank Film,1973
Emanuele,Luzzati,Pulcinella,1973
Bob,Gardiner,Closed Mondays,1974
Will,Vinton,Closed Mondays,1974
Robert,Verrall,The Family That Dwelt Apart,1974
Peter,Foldes,Hunger,1974
René,Jodoin,Hunger,1974
Faith,,Voyage to Next,1974
John,Hubley,Voyage to Next,1974
Wolfgang,Reitherman,Winnie the Pooh and Tigger Too,1974
Bob,Godfrey,Great,1975
Robert,Swarthe,Kick Me,1975
René,Jodoin,Monsieur Pointu,1975
Bernard,Longpré,Monsieur Pointu,1975
Marcell,Jankovics,Sisyphus,1975
Suzanne,Baker,Leisure,1976
Caroline,Leaf,The Street,1976
Co,Hoedeman,The Sand Castle,1977
Ishu,Patel,The Bead Game,1977
Faith,,A Doonesbury Special,1977
John,Hubley,A Doonesbury Special,1977
p.n.,,A Doonesbury Special,1977
Garry,Trudeau,A Doonesbury Special,1977
Robert,Grossman,Jimmy the C,1977
Eunice,Macaulay,Special Delivery,1978
John,Weldon,Special Delivery,1978
Will,Vinton,Rip Van Winkle,1978
Derek,Lamb,Every Child,1979
Bob,Godfrey,Dream Doll,1979
Zlatko,Grgić,Dream Doll,1979
Paul,Fierlinger,It's So Nice to Have a Wolf Around the House,1979
Ferenc,Rofusz,The Fly,1980
Frédéric,Back,All Nothing,1980
Michael,Mills,History of the World in Three Minutes Flat,1980
Frédéric,Back,Crac,1981
Will,Vinton,The Creation,1981
Janet,Perlman,The Tender Tale of Cinderella Penguin,1981
Zbigniew,Rybczyński,Tango,1982
Will,Vinton,The Great Cognito,1982
John,Coates,The Snowman,1982
Dianne,Jackson,The Snowman,1982
Burny,Mattinson,Mickey's Christmas Carol,1983
Jon,Minnis,Charade,1984
Morton,Schindel,Doctor DeSoto,1984
Michael,Sporn,Doctor DeSoto,1984
Ishu,Patel,Paradise,1984
Cilia,van Dijk,Anna & Bella,1985
Richard,Condie,The Big Snit,1985
Michael,Scott,The Big Snit,1985
Alison,Snowden,Second Class Mail,1985
John,Lasseter,Luxo Jr.,1986
Bill,Reeves,Luxo Jr.,1986
Frédéric,Back,The Man Who Planted Trees,1987
Eunice,Macaulay,George and Rosemary,1987
Bill,Plympton,Your Face,1987
John,Lasseter,Tin Toy,1988
Bill,Reeves,Tin Toy,1988
Cordell,Barker,The Cat Came Back,1988
Bill,Kroyer,Technological Threat,1988
Wolfgang,,Balance,1989
Christoph,Lauenstein,Balance,1989
Aleksandr,Petrov,The Cow,1989
Mark,Baker,The Hill Farm,1989
Nick,Park,Creature Comforts,1990
Bruno,Bozzetto,Grasshoppers,1990
Christopher,Hinton,Blackfly,1991
Wendy,Tilby,Strings,1991
Joan,C. Gratz,Mona Lisa Descending a Staircase,1992
Peter,Lord,Adam,1992
Michaela,Pavlátová,"Reci, Reci, Reci...",1992
Paul,Berry,The Sandman,1992
Barry,Purves,Screen Play,1992
Nick,Park,The Wrong Trousers,1993
Frédéric,Back,The Mighty River,1993
Bob,Godfrey,Small Talk,1993
Mark,Baker,The Village,1993
David,Fine,Bob's Birthday,1994
Alison,Snowden,Bob's Birthday,1994
David,Stoten,The Big Story,1994
Tim,Watts,The Big Story,1994
Michaël,Dudok de Wit,The Monk and the Fish,1994
Erica,Russell,Triangle,1994
Nick,Park,A Close Shave,1995
John,R. Dilworth,The Chicken from Outer Space,1995
Chris,Landreth,The End,1995
Chris,Bailey,Runaway Brain,1995
Thomas,Stellmach,Quest,1996
Richard,Condie,La Salla,1996
Peter,Lord,Wat's Pig,1996
Jan,Pinkava,Geri's Game,1997
Joanna,Quinn,Famous Fred,1997
Aleksandr,Petrov,The Mermaid,1997
Sylvain,Chomet,The Old Lady and the Pigeons,1997
Chris,Wedge,Bunny,1998
Jonathan,Myerson,The Canterbury Tales,1998
Mark,Baker,Jolly Roger,1998
Mark,Osborne,More,1998
Karsten,Kiilerich,When Life Departs,1998
Aleksandr,Petrov,The Old Man and the Sea,1999
Paul,Driessen,3 Misses,1999
Torill,Kove,My Grandmother Ironed the King's Shirts,1999
Wendy,Tilby and Amanda Forbis,When the Day Breaks,1999
Michaël,Dudok de Wit,Father and Daughter,2000
Don,Hertzfeldt,Rejected,2000
Ralph,Eggleston,For the Birds,2001
Ruairí,Robinson,Fifty Percent Grey,2001
Cordell,Barker,Strange Invaders,2001
Tomek,Baginski,The Cathedral,2002
Pete,Docter,Mike's New Car,2002
Kōji,Yamamura,Mt. Head,2002
Adam,Elliot,Harvie Krumpet,2003
Bud,Luckey,Boundin',2003
Roy,E. Disney,Destino,2003
Dominique,Monféry,Destino,2003
Carlos,Saldanha,Gone Nutty,2003
Chris,Hinton,Nibbles,2003
Chris,Landreth,Ryan,2004
Jeff,Fowler,Gopher Broke,2004
Tim,Miller,Gopher Broke,2004
Bill,Plympton,Guard Dog,2004
Mike,Gabriel,Lorenzo,2004
John,Canemaker,The Moon and the Son: An Imagined Conversation,2005
Shane,Acker,9,2005
Mark,Andrews,One Man Band,2005
Torill,Kove,The Danish Poet,2006
Gary,Rydstrom,Lifted,2006
Roger,Allers,The Little Matchgirl,2006
Don,Hahn,The Little Matchgirl,2006
Géza,M. Tóth,Maestro,2006
Chris,Renaud,No Time for Nuts,2006
Mike,Thurmeier,No Time for Nuts,2006
Suzie,Templeton,Peter & the Wolf,2007
Hugh,Welchman,Peter & the Wolf,2007
Chris,Lavis,Madame Tutli-Putli,2007
Maciek,Szczerbowski,Madame Tutli-Putli,2007
Aleksandr,Petrov,My Love,2007
Kunio,Katō,La Maison en Petits Cubes,2008
Konstantin,Bronzit,Lavatory – Lovestory,2008
Emud,Mokhberi,Oktapodi,2008
Doug,Sweetland,Presto,2008
Darragh,O'Connell,Granny O'Grimm's Sleeping Beauty,2009
Nicky,Phelan,Granny O'Grimm's Sleeping Beauty,2009
Nick,Park,A Matter of Loaf and Death,2009
Shaun,Tan,The Lost Thing,2010
Teddy,Newton,Day & Night,2010
Max,Lang,The Gruffalo,2010
Geefwee,Boedoe,Let's Pollute,2010
William,Joyce,The Fantastic Flying Books of Mr. Morris Lessmore,2011
Brandon,Oldenburg,The Fantastic Flying Books of Mr. Morris Lessmore,2011
Enrico,Casarosa,La Luna,2011
Sue,Goffe,A Morning Stroll,2011
Grant,Orchard,A Morning Stroll,2011
Patrick,Doyon,Sunday,2011
Amanda,Forbis & Wendy Tilby,Wild Life,2011
John,Kahrs,Paperman,2012
PES,,Fresh Guacamole,2012
Fodhla,Cronin O'Reilly,Head Over Heels,2012
Timothy,Reckart,Head Over Heels,2012
David,Silverman,The Longest Daycare,2012
Laurent,Witz,Mr Hublot,2013
Alexandre,Espigares,Mr Hublot,2013
Daniel,Sousa,Feral,2013
Dan,Golden,Feral,2013
Lauren,MacMullan,Get a Horse!,2013
Dorothy,McKim,Get a Horse!,2013
Shuhei,Morita,Possessions,2013
Max,Lang,Room on the Broom,2013
Jan,Lachauer,Room on the Broom,2013
Patrick,Osborne,Feast,2014
Kristina,Reed,Feast,2014
Dice,Tsutsumi,The Dam Keeper,2014
Torill,Kove,Me and My Moulton,2014
Pato,Escala Pierart,Bear Story,2015
Gabriel,Osorio Vargas,Bear Story,2015
Imogen,Sutton,Prologue,2015
Richard,Williams,Prologue,2015
Sanjay,Patel,Sanjay's Super Team,2015
Nicole,Paradis Grindle,Sanjay's Super Team,2015
Konstantin,Bronzit,We Can't Live Without Cosmos,2015
Don,Hertzfeldt,World of Tomorrow,2015
Alan,Barillaro,Piper,2016
Marc,Sondheimer,Piper,2016
Theodore,Ushev,Blind Vaysha,2016
Andrew,Coats,Borrowed Time,2016
Lou,Hamou-Lhadj,Borrowed Time,2016
Cara,Speller,Pear Cider and Cigarettes,2016
Robert,Valley,Pear Cider and Cigarettes,2016
Patrick,Osborne,Pearl,2016
Glen,Keane,Dear Basketball,2017
Kobe,Bryant,Dear Basketball,2017
Victor,Caire,Garden Party,2017
Gabriel,Grapperon,Garden Party,2017
Dave,Mullins,Lou,2017
Dana,Murray,Lou,2017
Ru,Kuwahata,Negative Space,2017
Max,Porter,Negative Space,2017
Jakob,Schuh,Revolting Rhymes,2017
Jan,Lachauer,Revolting Rhymes,2017
Domee,Shi,Bao,2018
David,Fine,Animal Behaviour,2018
Alison,Snowden,Animal Behaviour,2018
Andrew,Chesworth,One Small Step,2018
Trevor,Jimenez,Weekends,2018
Matthew,A. Cherry,Hair Love,2019
Karen,Rupert Toliver,Hair Love,2019
Daria,Kashcheeva,Daughter,2019
Rosana,Sullivan,Kitbull,2019
Siqi,Song,Sister,2019
Michael,Govier,If Anything Happens I Love You,2020
Will,McCormack,If Anything Happens I Love You,2020
Madeline,Sharafian,Burrow,2020
Erick,Oh,Opera,2020
Alberto,Mielgo,The Windshield Wiper,2021
Joanna,Quinn,Affairs of the Art,2021
Charlie,Mackesy,"The Boy, the Mole, the Fox and the Horse",2022
Matthew,Freud,"The Boy, the Mole, the Fox and the Horse",2022
Amanda,Forbis & Wendy Tilby,The Flying Sailor,2022
João,Gonzalez,Ice Merchants,2022
Sara,Gunnarsdóttir,My Year of Dicks,2022
Pamela,Ribon,My Year of Dicks,2022
Lachlan,Pendragon,An Ostrich Told Me the World Is Fake and I Think I Believe It,2022
Dave,Mullins,War Is Over! Inspired by the Music of John & Yoko,2023
Brad,Booker,War Is Over! Inspired by the Music of John & Yoko,2023
Tal,Kantor,Letter to a Pig,2023
Amit,R. Gicelter,Letter to a Pig,2023
Jared,Hess and Jerusha Hess,Ninety-Five Senses,2023
Stéphanie,Clément,Pachyderme,2023
Daisuke,Nishio,Magic Candies,2024
Nina,Gantz,Wander to Wonder,2024
Loïc,Espuche,Yuck!,2024
