firstName,lastName,movieTitle,releaseYear
Benjamin,Glazer,7th Heaven,1927
Anthony,Coldeway,Glorious Betsy,1927
Alfred,A. Cohn,The Jazz Singer,1927
Hanns,Kräly,The Patriot,1928
Elliott,J. Clawson,The Cop,1928
Tom,Barry,In Old Arizona,1928
Hanns,Kräly,The Last of Mrs. Cheyney,1928
Elliott,J. Clawson,The Leatherneck,1928
Josephine,Lovett,Our Dancing Daughters,1928
Elliott,J. Clawson,Sal of Singapore,1928
Dudley,Murphy,Skyscraper,1928
Tom,Barry,The Valiant,1928
Bess,Meredyth,A Woman of Affairs,1928
Hermann,Sudermann,Wonder of Women,1928
Frances,Marion,The Big House,1929
George,Abbott,All Quiet on the Western Front,1929
Maxwell,Anderson,All Quiet on the Western Front,1929
Del,Andrews,All Quiet on the Western Front,1929
Julien,Josephson,Disraeli,1929
John,Meehan,The Divorcee,1929
Howard,Estabrook,Street of Chance,1929
Howard,Estabrook,Cimarron,1930
Seton,I. Miller,The Criminal Code,1930
Fred,Niblo Jr.,The Criminal Code,1930
Horace,Jackson,Holiday,1930
Francis,Edward Faragoh,Little Caesar,1930
Robert,N. Lee,Little Caesar,1930
Joseph,L. Mankiewicz,Skippy,1930
Sam,Mintz,Skippy,1930
Edwin,J. Burke,Bad Girl,1931
Sidney,Howard,Arrowsmith,1931
Percy,Heath,Dr. Jekyll and Mr. Hyde,1931
Samuel,Hoffenstein,Dr. Jekyll and Mr. Hyde,1931
Victor,Heerman,Little Women,1932
Sarah,Y. Mason,Little Women,1932
Robert,Riskin,Lady for a Day,1932
Paul,Green,State Fair,1932
Sonya,Levien,State Fair,1932
Robert,Riskin,It Happened One Night,1934
Frances,Goodrich,The Thin Man,1934
Albert,Hackett,The Thin Man,1934
Ben,Hecht,Viva Villa!,1934
Dudley,Nichols,The Informer,1935
[note,9],The Informer,1935
[9],,The Informer,1935
Achmed,Abdullah,The Lives of a Bengal Lancer,1935
John,L. Balderston,The Lives of a Bengal Lancer,1935
Waldemar,Young,The Lives of a Bengal Lancer,1935
Grover,Jones,The Lives of a Bengal Lancer,1935
William,Slavens McNutt,The Lives of a Bengal Lancer,1935
Jules,Furthman,Mutiny on the Bounty,1935
Talbot,Jennings,Mutiny on the Bounty,1935
Carey,Wilson,Mutiny on the Bounty,1935
Pierre,Collings,The Story of Louis Pasteur,1936
Sheridan,Gibney,The Story of Louis Pasteur,1936
Frances,Goodrich,After the Thin Man,1936
Albert,Hackett,After the Thin Man,1936
Sidney,Howard,Dodsworth,1936
Robert,Riskin,Mr. Deeds Goes to Town,1936
Eric,S. Hatch,My Man Godfrey,1936
Morrie,Ryskind,My Man Godfrey,1936
Norman,Reilly Raine,The Life of Emile Zola,1937
Viña,Delmar,The Awful Truth,1937
Marc,Connelly,Captains Courageous,1937
Dale,Van Every,Captains Courageous,1937
John,Lee Mahin,Captains Courageous,1937
Morrie,Ryskind,Stage Door,1937
Anthony,Veiller,Stage Door,1937
Alan,Campbell,A Star Is Born,1937
Robert,Carson,A Star Is Born,1937
Dorothy,Parker,A Star Is Born,1937
George,Bernard Shaw,Pygmalion,1938
Ian,Dalrymple,Pygmalion,1938
Cecil,Arthur Lewis,Pygmalion,1938
W.,P. Lipscomb,Pygmalion,1938
John,Meehan,Boys Town,1938
Dore,Schary,Boys Town,1938
Betty,Hill,The Citadel,1938
Spig,Wead,The Citadel,1938
Lenore,Coffee,Four Daughters,1938
Julius,J. Epstein,Four Daughters,1938
Robert,Riskin,You Can't Take It with You,1938
Sidney,Howard,Gone with the Wind,1939
p.r.,,Gone with the Wind,1939
Holt,Marvell,"Goodbye, Mr. Chips",1939
R.,C. Sherriff,"Goodbye, Mr. Chips",1939
Claudine,West,"Goodbye, Mr. Chips",1939
Sidney,Buchman,Mr. Smith Goes to Washington,1939
Charles,Brackett,Ninotchka,1939
Walter,Reisch,Ninotchka,1939
Billy,Wilder,Ninotchka,1939
Ben,Hecht,Wuthering Heights,1939
Charles,MacArthur,Wuthering Heights,1939
Donald,Ogden Stewart,The Philadelphia Story,1940
Nunnally,Johnson,The Grapes of Wrath,1940
Dalton,Trumbo,Kitty Foyle,1940
Dudley,Nichols,The Long Voyage Home,1940
Joan,Harrison,Rebecca,1940
Robert,E. Sherwood,Rebecca,1940
Sidney,Buchman,Here Comes Mr. Jordan,1941
Seton,I. Miller,Here Comes Mr. Jordan,1941
Charles,Brackett,Hold Back the Dawn,1941
Billy,Wilder,Hold Back the Dawn,1941
Philip,Dunne,How Green Was My Valley,1941
Lillian,Hellman,The Little Foxes,1941
John,Huston,The Maltese Falcon,1941
George,Froeschel,Mrs. Miniver,1942
James,Hilton,Mrs. Miniver,1942
Claudine,West,Mrs. Miniver,1942
Arthur,Wimperis,Mrs. Miniver,1942
Rodney,Ackland,49th Parallel,1942
Emeric,Pressburger,49th Parallel,1942
Herman,J. Mankiewicz,The Pride of the Yankees,1942
Jo,Swerling,The Pride of the Yankees,1942
Sidney,Buchman,The Talk of the Town,1942
Irwin,Shaw,The Talk of the Town,1942
Philip,G. Epstein,Casablanca,1943
Julius,J. Epstein,Casablanca,1943
Howard,Koch,Casablanca,1943
Nunnally,Johnson,Holy Matrimony,1943
Lewis,R. Foster,The More the Merrier,1943
Frank,Ross,The More the Merrier,1943
Robert,W. Russell,The More the Merrier,1943
George,Seaton,The Song of Bernadette,1943
Dashiell,Hammett,Watch on the Rhine,1943
Frank,Butler,Going My Way,1944
Frank,Cavett,Going My Way,1944
Raymond,Chandler,Double Indemnity,1944
Billy,Wilder,Double Indemnity,1944
John,L. Balderston,Gaslight,1944
Walter,Reisch,Gaslight,1944
John,Van Druten,Gaslight,1944
Jay,Dratler,Laura,1944
Samuel,Hoffenstein,Laura,1944
Elizabeth,Reinhardt,Laura,1944
Irving,Brecher,Meet Me in St. Louis,1944
Fred,F. Finklehoffe,Meet Me in St. Louis,1944
Charles,Brackett,The Lost Weekend,1945
Billy,Wilder,The Lost Weekend,1945
Guy,Endore,G. I. Joe,1945
Philip,Stevenson,G. I. Joe,1945
Ranald,MacDougall,Mildred Pierce,1945
Albert,Maltz,Pride of the Marines,1945
Tess,Slesinger,A Tree Grows in Brooklyn,1945
p.n.,,A Tree Grows in Brooklyn,1945
Robert,E. Sherwood,The Best Years of Our Lives,1946
Sally,Benson,Anna and the King of Siam,1946
Talbot,Jennings,Anna and the King of Siam,1946
Anthony,Havelock-Allan,Brief Encounter,1946
David,Lean,Brief Encounter,1946
Ronald,Neame,Brief Encounter,1946
Anthony,Veiller,The Killers,1946
Sergio,Amidei,"Rome, Open City",1946
Federico,Fellini,"Rome, Open City",1946
George,Seaton,Miracle on 34th Street,1947
Richard,Murphy,Boomerang,1947
John,Paxton,Crossfire,1947
Moss,Hart,Gentleman's Agreement,1947
David,Lean,Great Expectations,1947
Anthony,Havelock-Allan,Great Expectations,1947
Ronald,Neame,Great Expectations,1947
John,Huston,The Treasure of the Sierra Madre,1948
Charles,Brackett,A Foreign Affair,1948
Richard,L. Breen,A Foreign Affair,1948
Billy,Wilder,A Foreign Affair,1948
Irma,von Cube,Johnny Belinda,1948
Richard,Schweizer,The Search,1948
David,Wechsler,The Search,1948
de,,The Search,1948
Millen,Brand,The Snake Pit,1948
Frank,Partos,The Snake Pit,1948
Joseph,L. Mankiewicz,A Letter to Three Wives,1949
Robert,Rossen,All the King's Men,1949
Cesare,Zavattini,The Bicycle Thief,1949
Carl,Foreman,Champion,1949
Graham,Greene,The Fallen Idol,1949
Joseph,L. Mankiewicz,All About Eve,1950
John,Huston,The Asphalt Jungle,1950
Ben,Maddow,The Asphalt Jungle,1950
Albert,Mannheimer,Born Yesterday,1950
Albert,Maltz,Broken Arrow,1950
[note,10],Broken Arrow,1950
Frances,Goodrich,Father of the Bride,1950
Albert,Hackett,Father of the Bride,1950
Harry,Brown,A Place in the Sun,1951
Michael,Wilson,A Place in the Sun,1951
James,Agee,The African Queen,1951
John,Huston,The African Queen,1951
Robert,Wyler,Detective Story,1951
Philip,Yordan,Detective Story,1951
Jacques,Natanson,La Ronde,1951
Max,Ophüls,La Ronde,1951
Tennessee,Williams,A Streetcar Named Desire,1951
Charles,Schnee,The Bad and the Beautiful,1952
Michael,Wilson,5 Fingers,1952
Carl,Foreman,High Noon,1952
John,Dighton,The Man in the White Suit,1952
Alexander,Mackendrick,The Man in the White Suit,1952
Roger,MacDougall,The Man in the White Suit,1952
Frank,Nugent,The Quiet Man,1952
Daniel,Taradash,From Here to Eternity,1953
Eric,Ambler,The Cruel Sea,1953
Helen,Deutsch,Lili,1953
John,Dighton,Roman Holiday,1953
Ian,McLellan Hunter,Roman Holiday,1953
A.,B. Guthrie Jr.,Shane,1953
George,Seaton,The Country Girl,1954
Stanley,Roberts,The Caine Mutiny,1954
John,Michael Hayes,Rear Window,1954
Ernest,Lehman,Sabrina,1954
Samuel,A. Taylor,Sabrina,1954
Billy,Wilder,Sabrina,1954
Frances,Goodrich,Seven Brides for Seven Brothers,1954
Albert,Hackett,Seven Brides for Seven Brothers,1954
Dorothy,Kingsley,Seven Brides for Seven Brothers,1954
Paddy,Chayefsky,Marty,1955
Millard,Kaufman,Bad Day at Black Rock,1955
Richard,Brooks,Blackboard Jungle,1955
Paul,Osborn,East of Eden,1955
Daniel,Fuchs,Love Me or Leave Me,1955
Isobel,Lennart,Love Me or Leave Me,1955
John,Farrow,Around the World in 80 Days,1956
S.,J. Perelman,Around the World in 80 Days,1956
James,Poe,Around the World in 80 Days,1956
Tennessee,Williams,Baby Doll,1956
Michael,Wilson,Friendly Persuasion,1956
[note,11],Friendly Persuasion,1956
Fred,Guiol,Giant,1956
Ivan,Moffat,Giant,1956
Norman,Corwin,Lust for Life,1956
Pierre,Boulle,The Bridge on the River Kwai,1957
Carl,Foreman,The Bridge on the River Kwai,1957
Michael,Wilson,The Bridge on the River Kwai,1957
[note,12],The Bridge on the River Kwai,1957
Reginald,Rose,12 Angry Men,1957
John,Huston,"Heaven Knows, Mr. Allison",1957
John,Lee Mahin,"Heaven Knows, Mr. Allison",1957
John,Michael Hayes,Peyton Place,1957
Paul,Osborn,Sayonara,1957
Alan,Jay Lerner,Gigi,1958
Richard,Brooks,Cat on a Hot Tin Roof,1958
James,Poe,Cat on a Hot Tin Roof,1958
Alec,Guinness,The Horse's Mouth,1958
Nelson,Gidding,I Want to Live!,1958
Don,Mankiewicz,I Want to Live!,1958
John,Gay,Separate Tables,1958
Terence,Rattigan,Separate Tables,1958
Neil,Paterson,Room at the Top,1959
Wendell,Mayes,Anatomy of a Murder,1959
Karl,Tunberg,Ben-Hur,1959
Robert,Anderson,The Nun's Story,1959
I.,A. L. Diamond,Some Like It Hot,1959
Billy,Wilder,Some Like It Hot,1959
Richard,Brooks,Elmer Gantry,1960
Harold,Jacob Smith,Inherit the Wind,1960
Nedrick,Young,Inherit the Wind,1960
[note,13],Inherit the Wind,1960
T.,E. B. Clarke,Sons and Lovers,1960
Gavin,Lambert,Sons and Lovers,1960
Isobel,Lennart,The Sundowners,1960
James,Kennaway,Tunes of Glory,1960
Abby,Mann,Judgment at Nuremberg,1961
George,Axelrod,Breakfast at Tiffany's,1961
Carl,Foreman,The Guns of Navarone,1961
Sidney,Carroll,The Hustler,1961
Robert,Rossen,The Hustler,1961
Ernest,Lehman,West Side Story,1961
Horton,Foote,To Kill a Mockingbird,1962
Eleanor,Perry,David and Lisa,1962
Robert,Bolt,Lawrence of Arabia,1962
Michael,Wilson,Lawrence of Arabia,1962
[note,14],Lawrence of Arabia,1962
Vladimir,Nabokov,Lolita,1962
William,Gibson,The Miracle Worker,1962
John,Osborne,Tom Jones,1963
Richard,L. Breen,"Captain Newman, M.D.",1963
Henry,,"Captain Newman, M.D.",1963
Phoebe,Ephron,"Captain Newman, M.D.",1963
Harriet,Frank Jr.,Hud,1963
Irving,Ravetch,Hud,1963
James,Poe,Lilies of the Field,1963
Serge,Bourguignon,Sundays and Cybele,1963
Edward,Anhalt,Becket,1964
Stanley,Kubrick,Dr. Strangelove or: How I Learned to Stop Worrying and Love the Bomb,1964
Peter,George,Dr. Strangelove or: How I Learned to Stop Worrying and Love the Bomb,1964
Terry,Southern,Dr. Strangelove or: How I Learned to Stop Worrying and Love the Bomb,1964
Don,DaGradi,Mary Poppins,1964
Bill,Walsh,Mary Poppins,1964
Alan,Jay Lerner,My Fair Lady,1964
Michael,Cacoyannis,Zorba the Greek,1964
Robert,Bolt,Doctor Zhivago,1965
Walter,Newman,Cat Ballou,1965
Frank,Pierson,Cat Ballou,1965
John,Kohn,The Collector,1965
Stanley,Mann,The Collector,1965
Abby,Mann,Ship of Fools,1965
Herb,Gardner,A Thousand Clowns,1965
Robert,Bolt,A Man for All Seasons,1966
Bill,Naughton,Alfie,1966
Richard,Brooks,The Professionals,1966
William,Rose,"The Russians Are Coming, the Russians Are Coming",1966
Ernest,Lehman,Who's Afraid of Virginia Woolf?,1966
Stirling,Silliphant,In the Heat of the Night,1967
Donn,Pearce,Cool Hand Luke,1967
Frank,Pierson,Cool Hand Luke,1967
Buck,Henry,The Graduate,1967
Calder,Willingham,The Graduate,1967
Richard,Brooks,In Cold Blood,1967
Fred,Haines,Ulysses,1967
Joseph,Strick,Ulysses,1967
James,Goldman,The Lion in Winter,1968
Neil,Simon,The Odd Couple,1968
Vernon,Harris,Oliver!,1968
Stewart,Stern,"Rachel, Rachel",1968
Roman,Polanski,Rosemary's Baby,1968
Waldo,Salt,Midnight Cowboy,1969
Bridget,Boland,Anne of the Thousand Days,1969
Arnold,Schulman,"Goodbye, Columbus",1969
James,Poe,"They Shoot Horses, Don't They?",1969
Robert,E. Thompson,"They Shoot Horses, Don't They?",1969
Costa-Gavras,,Z,1969
Jorge,Semprún,Z,1969
Ring,Lardner Jr.,M*A*S*H,1970
George,Seaton,Airport,1970
Robert,Anderson,I Never Sang for My Father,1970
Joseph,Bologna,Lovers and Other Strangers,1970
David,Zelag Goodman,Lovers and Other Strangers,1970
Renée,Taylor,Lovers and Other Strangers,1970
Larry,Kramer,Women in Love,1970
Ernest,Tidyman,The French Connection,1971
Stanley,Kubrick,A Clockwork Orange,1971
Bernardo,Bertolucci,The Conformist,1971
Ugo,Pirro,The Garden of the Finzi-Continis,1971
Peter,Bogdanovich,The Last Picture Show,1971
Larry,McMurtry,The Last Picture Show,1971
Francis,Ford Coppola,The Godfather,1972
Mario,Puzo,The Godfather,1972
Jay,Presson Allen,Cabaret,1972
Bengt,Forslund,The Emigrants,1972
Jan,Troell,The Emigrants,1972
Julius,J. Epstein,Pete 'n' Tillie,1972
Lonne,Elder III,Sounder,1972
William,Peter Blatty,The Exorcist,1973
Robert,Towne,The Last Detail,1973
James,Bridges,The Paper Chase,1973
Alvin,Sargent,Paper Moon,1973
Waldo,Salt,Serpico,1973
Norman,Wexler,Serpico,1973
Francis,Ford Coppola,The Godfather Part II,1974
Mario,Puzo,The Godfather Part II,1974
Mordecai,Richler,The Apprenticeship of Duddy Kravitz,1974
Lionel,Chetwynd,The Apprenticeship of Duddy Kravitz,1974
Julian,Barry,Lenny,1974
Paul,Dehn,Murder on the Orient Express,1974
Mel,Brooks,Young Frankenstein,1974
Gene,Wilder,Young Frankenstein,1974
Bo,Goldman,One Flew Over the Cuckoo's Nest,1975
Lawrence,Hauben,One Flew Over the Cuckoo's Nest,1975
Stanley,Kubrick,Barry Lyndon,1975
Gladys,Hill,The Man Who Would Be King,1975
John,Huston,The Man Who Would Be King,1975
Ruggero,Maccari,Profumo di donna,1975
Dino,Risi,Profumo di donna,1975
Neil,Simon,The Sunshine Boys,1975
William,Goldman,All the President's Men,1976
Robert,Getchell,Bound for Glory,1976
Federico,Fellini,Fellini's Casanova,1976
Bernardino,Zapponi,Fellini's Casanova,1976
Nicholas,Meyer,The Seven-Per-Cent Solution,1976
David,Butler,Voyage of the Damned,1976
Steve,Shagan,Voyage of the Damned,1976
Alvin,Sargent,Julia,1977
Peter,Shaffer,Equus,1977
Lewis,John Carlino,I Never Promised You a Rose Garden,1977
Gavin,Lambert,I Never Promised You a Rose Garden,1977
Larry,Gelbart,"Oh, God!",1977
Luis,Buñuel,That Obscure Object of Desire,1977
Jean-Claude,Carrière,That Obscure Object of Desire,1977
Oliver,Stone,Midnight Express,1978
Walter,Newman,Bloodbrothers,1978
Neil,Simon,California Suite,1978
Warren,Beatty,Heaven Can Wait,1978
Elaine,May,Heaven Can Wait,1978
Bernard,Slade,"Same Time, Next Year",1978
Robert,Benton,Kramer vs. Kramer,1979
Francis,Ford Coppola,Apocalypse Now,1979
John,Milius,Apocalypse Now,1979
Édouard,Molinaro,La Cage aux Folles,1979
Jean,Poiret,La Cage aux Folles,1979
Francis,Veber,La Cage aux Folles,1979
Allan,Burns,A Little Romance,1979
Harriet,Frank Jr.,Norma Rae,1979
Irving,Ravetch,Norma Rae,1979
Alvin,Sargent,Ordinary People,1980
Bruce,Beresford,Breaker Morant,1980
Jonathan,Hardy,Breaker Morant,1980
David,Stevens,Breaker Morant,1980
Thomas,Rickman,Coal Miner's Daughter,1980
Eric,Bergren,The Elephant Man,1980
David,Lynch,The Elephant Man,1980
Lawrence,B. Marcus,The Stunt Man,1980
Richard,Rush,The Stunt Man,1980
Ernest,Thompson,On Golden Pond,1981
Harold,Pinter,The French Lieutenant's Woman,1981
Dennis,Potter,Pennies from Heaven,1981
Jay,Presson Allen,Prince of the City,1981
Sidney,Lumet,Prince of the City,1981
Michael,Weller,Ragtime,1981
Costa-Gavras,,Missing,1982
Donald,E. Stewart,Missing,1982
Wolfgang,Petersen,Das Boot,1982
Alan,J. Pakula,Sophie's Choice,1982
David,Mamet,The Verdict,1982
Blake,Edwards,Victor/Victoria,1982
James,L. Brooks,Terms of Endearment,1983
Harold,Pinter,Betrayal,1983
Ronald,Harwood,The Dresser,1983
Willy,Russell,Educating Rita,1983
Julius,J. Epstein,"Reuben, Reuben",1983
Peter,Shaffer,Amadeus,1984
Robert,Towne,"Greystoke: The Legend of Tarzan, Lord of the Apes",1984
[note,15],"Greystoke: The Legend of Tarzan, Lord of the Apes",1984
[11],,"Greystoke: The Legend of Tarzan, Lord of the Apes",1984
Bruce,Robinson,The Killing Fields,1984
David,Lean,A Passage to India,1984
Charles,Fuller,A Soldier's Story,1984
Kurt,Luedtke,Out of Africa,1985
Menno,Meyjes,The Color Purple,1985
Leonard,Schrader,Kiss of the Spider Woman,1985
Richard,Condon,Prizzi's Honor,1985
Horton,Foote,The Trip to Bountiful,1985
Ruth,Prawer Jhabvala,A Room with a View,1986
Mark,Medoff,Children of a Lesser God,1986
Richard,Price,The Color of Money,1986
Beth,Henley,Crimes of the Heart,1986
Bruce,A. Evans,Stand by Me,1986
Bernardo,Bertolucci,The Last Emperor,1987
Mark,Peploe,The Last Emperor,1987
Tony,Huston,The Dead,1987
James,Dearden,Fatal Attraction,1987
Gustav,Hasford,Full Metal Jacket,1987
Michael,Herr,Full Metal Jacket,1987
Stanley,Kubrick,Full Metal Jacket,1987
Brasse,Brännström,My Life as a Dog,1987
Lasse,Hallström,My Life as a Dog,1987
Reidar,Jönsson,My Life as a Dog,1987
Christopher,Hampton,Dangerous Liaisons,1988
Frank,Galati,The Accidental Tourist,1988
Lawrence,Kasdan,The Accidental Tourist,1988
Anna,Hamilton Phelan,Gorillas in the Mist,1988
Tab,Murphy,Gorillas in the Mist,1988
Christine,Edzard,Little Dorrit,1988
Jean-Claude,Carrière,The Unbearable Lightness of Being,1988
Philip,Kaufman,The Unbearable Lightness of Being,1988
Alfred,Uhry,Driving Miss Daisy,1989
Ron,Kovic,Born on the Fourth of July,1989
Oliver,Stone,Born on the Fourth of July,1989
Paul,Mazursky,"Enemies, A Love Story",1989
Roger,L. Simon,"Enemies, A Love Story",1989
Phil,Alden Robinson,Field of Dreams,1989
Shane,Connaughton,My Left Foot,1989
Jim,Sheridan,My Left Foot,1989
Michael,Blake,Dances with Wolves,1990
Steven,Zaillian,Awakenings,1990
Nicholas,Pileggi,Goodfellas,1990
Martin,Scorsese,Goodfellas,1990
Donald,E. Westlake,The Grifters,1990
Nicholas,Kazan,Reversal of Fortune,1990
Ted,Tally,The Silence of the Lambs,1991
Agnieszka,Holland,Europa Europa,1991
Fannie,Flagg,Fried Green Tomatoes,1991
Carol,Sobieski,Fried Green Tomatoes,1991
p.n.,,Fried Green Tomatoes,1991
Oliver,Stone,JFK,1991
Pat,Conroy,The Prince of Tides,1991
Becky,Johnston,The Prince of Tides,1991
Ruth,Prawer Jhabvala,Howards End,1992
Peter,Barnes,Enchanted April,1992
Michael,Tolkin,The Player,1992
Richard,Friedenberg,A River Runs Through It,1992
Bo,Goldman,Scent of a Woman,1992
Steven,Zaillian,Schindler's List,1993
Jay,Cocks,The Age of Innocence,1993
Martin,Scorsese,The Age of Innocence,1993
Terry,George,In the Name of the Father,1993
Jim,Sheridan,In the Name of the Father,1993
Ruth,Prawer Jhabvala,The Remains of the Day,1993
William,Nicholson,Shadowlands,1993
Eric,Roth,Forrest Gump,1994
Alan,Bennett,The Madness of King George,1994
Robert,Benton,Nobody's Fool,1994
Paul,Attanasio,Quiz Show,1994
Frank,Darabont,The Shawshank Redemption,1994
Emma,Thompson,Sense and Sensibility,1995
William,Broyles Jr.,Apollo 13,1995
Al,Reinert,Apollo 13,1995
George,Miller,Babe,1995
Chris,Noonan,Babe,1995
Mike,Figgis,Leaving Las Vegas,1995
Anna,Pavignano,Il Postino: The Postman,1995
Michael,Radford,Il Postino: The Postman,1995
Furio,,Il Postino: The Postman,1995
Giacomo,Scarpelli,Il Postino: The Postman,1995
Massimo,Troisi,Il Postino: The Postman,1995
p.n.,,Il Postino: The Postman,1995
Billy,Bob Thornton,Sling Blade,1996
Arthur,Miller,The Crucible,1996
Anthony,Minghella,The English Patient,1996
Kenneth,Branagh,Hamlet,1996
John,Hodge,Trainspotting,1996
Curtis,Hanson,L.A. Confidential,1997
Brian,Helgeland,L.A. Confidential,1997
Paul,Attanasio,Donnie Brasco,1997
Atom,Egoyan,The Sweet Hereafter,1997
Hilary,Henkin,Wag the Dog,1997
David,Mamet,Wag the Dog,1997
Hossein,Amini,The Wings of the Dove,1997
Bill,Condon,Gods and Monsters,1998
Scott,Frank,Out of Sight,1998
Elaine,May,Primary Colors,1998
Scott,Smith,A Simple Plan,1998
Terrence,Malick,The Thin Red Line,1998
John,Irving,The Cider House Rules,1999
Alexander,Payne,Election,1999
Jim,Taylor,Election,1999
Frank,Darabont,The Green Mile,1999
Michael,Mann,The Insider,1999
Eric,Roth,The Insider,1999
Anthony,Minghella,The Talented Mr. Ripley,1999
Stephen,Gaghan,Traffic,2000
Robert,Nelson Jacobs,Chocolat,2000
Wang,Hui-ling,"Crouching Tiger, Hidden Dragon",2000
James,Schamus,"Crouching Tiger, Hidden Dragon",2000
Joel,and Ethan Coen,"O Brother, Where Art Thou?",2000
Steve,Kloves,Wonder Boys,2000
Akiva,Goldsman,A Beautiful Mind,2001
Daniel,Clowes,Ghost World,2001
Terry,Zwigoff,Ghost World,2001
Todd,Field,In the Bedroom,2001
Philippa,Boyens,The Lord of the Rings: The Fellowship of the Ring,2001
Peter,Jackson,The Lord of the Rings: The Fellowship of the Ring,2001
Fran,Walsh,The Lord of the Rings: The Fellowship of the Ring,2001
Ted,Elliott,Shrek,2001
Roger,S. H. Schulman,Shrek,2001
Joe,Stillman,Shrek,2001
Terry,Rossio,Shrek,2001
Ronald,Harwood,The Pianist,2002
Peter,Hedges,About a Boy,2002
Chris,,About a Boy,2002
Paul,Weitz,About a Boy,2002
Charlie,,Adaptation,2002
[note,16],Adaptation,2002
[11],,Adaptation,2002
Bill,Condon,Chicago,2002
David,Hare,The Hours,2002
Philippa,Boyens,The Lord of the Rings: The Return of the King,2003
Peter,Jackson,The Lord of the Rings: The Return of the King,2003
Fran,Walsh,The Lord of the Rings: The Return of the King,2003
Shari,Springer Berman & Robert Pulcini,American Splendor,2003
Bráulio,Mantovani,City of God,2003
Brian,Helgeland,Mystic River,2003
Gary,Ross,Seabiscuit,2003
Alexander,Payne,Sideways,2004
Jim,Taylor,Sideways,2004
Julie,Delpy,Before Sunset,2004
Ethan,Hawke,Before Sunset,2004
Richard,Linklater,Before Sunset,2004
Kim,Krizan,Before Sunset,2004
David,Magee,Finding Neverland,2004
Paul,Haggis,Million Dollar Baby,2004
José,Rivera,The Motorcycle Diaries,2004
Larry,McMurtry,Brokeback Mountain,2005
Diana,Ossana,Brokeback Mountain,2005
Dan,Futterman,Capote,2005
Jeffrey,Caine,The Constant Gardener,2005
Josh,Olson,A History of Violence,2005
Tony,Kushner,Munich,2005
Eric,Roth,Munich,2005
William,Monahan,The Departed,2006
Sacha,Baron Cohen,Borat: Cultural Learnings of America for Make Benefit Glorious Nation of Kazakhstan,2006
Peter,Baynham,Borat: Cultural Learnings of America for Make Benefit Glorious Nation of Kazakhstan,2006
Dan,Mazer,Borat: Cultural Learnings of America for Make Benefit Glorious Nation of Kazakhstan,2006
Todd,Phillips,Borat: Cultural Learnings of America for Make Benefit Glorious Nation of Kazakhstan,2006
David,Arata,Children of Men,2006
Alfonso,Cuarón,Children of Men,2006
Mark,Fergus,Children of Men,2006
Hawk,Ostby,Children of Men,2006
Todd,Field,Little Children,2006
Tom,Perrotta,Little Children,2006
Patrick,Marber,Notes on a Scandal,2006
Coen,Brothers,No Country for Old Men,2007
Christopher,Hampton,Atonement,2007
Sarah,Polley,Away from Her,2007
Ronald,Harwood,The Diving Bell and the Butterfly,2007
Paul,Thomas Anderson,There Will Be Blood,2007
Simon,Beaufoy,Slumdog Millionaire,2008
Eric,Roth,The Curious Case of Benjamin Button,2008
Robin,Swicord,The Curious Case of Benjamin Button,2008
John,Patrick Shanley,Doubt,2008
Peter,Morgan,Frost/Nixon,2008
David,Hare,The Reader,2008
Geoffrey,S. Fletcher,Precious,2009
Neill,Blomkamp,District 9,2009
Terri,Tatchell,District 9,2009
Nick,Hornby,An Education,2009
Jesse,Armstrong,In the Loop,2009
Simon,Blackwell,In the Loop,2009
Armando,Iannucci,In the Loop,2009
Tony,Roche,In the Loop,2009
Jason,Reitman,Up in the Air,2009
Sheldon,Turner,Up in the Air,2009
Aaron,Sorkin,The Social Network,2010
Simon,Beaufoy,127 Hours,2010
Danny,Boyle,127 Hours,2010
Michael,Arndt,Toy Story 3,2010
John,Lasseter,Toy Story 3,2010
Andrew,Stanton,Toy Story 3,2010
Lee,Unkrich,Toy Story 3,2010
Coen,Brothers,True Grit,2010
Debra,Granik,Winter's Bone,2010
Anne,Rosellini,Winter's Bone,2010
Nat,Faxon,The Descendants,2011
Alexander,Payne,The Descendants,2011
Jim,Rash,The Descendants,2011
John,Logan,Hugo,2011
George,Clooney,The Ides of March,2011
Grant,Heslov,The Ides of March,2011
Beau,Willimon,The Ides of March,2011
Aaron,Sorkin,Moneyball,2011
Steven,Zaillian,Moneyball,2011
Stan,Chervin,Moneyball,2011
Bridget,O'Connor,Tinker Tailor Soldier Spy,2011
p.n.,,Tinker Tailor Soldier Spy,2011
Peter,Straughan,Tinker Tailor Soldier Spy,2011
Chris,Terrio,Argo,2012
Lucy,Alibar,Beasts of the Southern Wild,2012
Benh,Zeitlin,Beasts of the Southern Wild,2012
David,Magee,Life of Pi,2012
Tony,Kushner,Lincoln,2012
David,O. Russell,Silver Linings Playbook,2012
John,Ridley,12 Years a Slave,2013
Julie,Delpy,Before Midnight,2013
Ethan,Hawke,Before Midnight,2013
Richard,Linklater,Before Midnight,2013
Billy,Ray,Captain Phillips,2013
Steve,Coogan,Philomena,2013
Jeff,Pope,Philomena,2013
Terence,Winter,The Wolf of Wall Street,2013
Graham,Moore,The Imitation Game,2014
Jason,Hall,American Sniper,2014
Paul,Thomas Anderson,Inherent Vice,2014
Anthony,McCarten,The Theory of Everything,2014
Damien,Chazelle,Whiplash,2014
Charles,Randolph,The Big Short,2015
Adam,McKay,The Big Short,2015
Nick,Hornby,Brooklyn,2015
Phyllis,Nagy,Carol,2015
Drew,Goddard,The Martian,2015
Emma,Donoghue,Room,2015
Barry,Jenkins,Moonlight,2016
Tarell,Alvin McCraney,Moonlight,2016
Eric,Heisserer,Arrival,2016
August,Wilson,Fences,2016
p.n.,,Fences,2016
Theodore,Melfi,Hidden Figures,2016
Allison,Schroeder,Hidden Figures,2016
Luke,Davies,Lion,2016
James,Ivory,Call Me by Your Name,2017
Scott,Neustadter,The Disaster Artist,2017
Michael,H. Weber,The Disaster Artist,2017
Scott,Frank,Logan,2017
Michael,Green,Logan,2017
James,Mangold,Logan,2017
Aaron,Sorkin,Molly's Game,2017
Dee,Rees,Mudbound,2017
Virgil,Williams,Mudbound,2017
Spike,Lee,BlacKkKlansman,2018
Kevin,Willmott,BlacKkKlansman,2018
Coen,Brothers,The Ballad of Buster Scruggs,2018
Nicole,Holofcener,Can You Ever Forgive Me?,2018
Jeff,Whitty,Can You Ever Forgive Me?,2018
Barry,Jenkins,If Beale Street Could Talk,2018
Bradley,Cooper,A Star Is Born,2018
Eric,Roth,A Star Is Born,2018
Taika,Waititi,Jojo Rabbit,2019
Steven,Zaillian,The Irishman,2019
Todd,Phillips,Joker,2019
Scott,Silver,Joker,2019
Greta,Gerwig,Little Women,2019
Anthony,McCarten,The Two Popes,2019
Christopher,Hampton,The Father,2020
Florian,Zeller,The Father,2020
Sacha,Baron Cohen,Borat Subsequent Moviefilm,2020
Peter,Baynham,Borat Subsequent Moviefilm,2020
Jena,Friedman,Borat Subsequent Moviefilm,2020
Dan,Mazer,Borat Subsequent Moviefilm,2020
Erica,Rivinoja,Borat Subsequent Moviefilm,2020
Dan,Swimer,Borat Subsequent Moviefilm,2020
Chloé,Zhao,Nomadland,2020
Kemp,Powers,One Night in Miami...,2020
Ramin,Bahrani,The White Tiger,2020
Sian,Heder,CODA,2021
Ryusuke,Hamaguchi,Drive My Car,2021
Takamasa,Oe,Drive My Car,2021
Eric,Roth,Dune,2021
Jon,Spaihts,Dune,2021
Denis,Villeneuve,Dune,2021
Maggie,Gyllenhaal,The Lost Daughter,2021
Jane,Campion,The Power of the Dog,2021
Sarah,Polley,Women Talking,2022
Edward,Berger,All Quiet on the Western Front,2022
Lesley,Paterson,All Quiet on the Western Front,2022
Rian,Johnson,Glass Onion: A Knives Out Mystery,2022
Kazuo,Ishiguro,Living,2022
Ehren,Kruger,Top Gun: Maverick,2022
Christopher,McQuarrie,Top Gun: Maverick,2022
Eric,Warren Singer,Top Gun: Maverick,2022
Peter,Craig,Top Gun: Maverick,2022
Justin,Marks,Top Gun: Maverick,2022
Cord,Jefferson,American Fiction,2023
Noah,Baumbach,Barbie,2023
Greta,Gerwig,Barbie,2023
Christopher,Nolan,Oppenheimer,2023
Tony,McNamara,Poor Things,2023
Jonathan,Glazer,The Zone of Interest,2023
Peter,Straughan,Conclave,2024
Jay,Cocks,A Complete Unknown,2024
James,Mangold,A Complete Unknown,2024
Jacques,Audiard,Emilia Pérez,2024
Thomas,Bidegain,Emilia Pérez,2024
Léa,Mysius,Emilia Pérez,2024
Joslyn,Barnes,Nickel Boys,2024
RaMell,Ross,Nickel Boys,2024
Greg,Kwedar,Sing Sing,2024
Clarence,Maclin,Sing Sing,2024
