firstName,lastName,movieTitle,releaseYear,categoryName,iteration,isWinner
Walter,Brennan,Come and Get It,1936,Best Actor in a Supporting Role,9th,yes
Mischa,Auer,My Man Godfrey,1936,Best Actor in a Supporting Role,9th,no
Stuart,Erwin,Pigskin Parade,1936,Best Actor in a Supporting Role,9th,no
Basil,Rathbone,Romeo and Juliet,1936,Best Actor in a Supporting Role,9th,no
Akim,Tamiroff,The General Died at Dawn,1936,Best Actor in a Supporting Role,9th,no
Joseph,Schildkraut,The Life of Emile Zola,1937,Best Actor in a Supporting Role,10th,yes
Ralph,Bellamy,The Awful Truth,1937,Best Actor in a Supporting Role,10th,no
Thomas,Mitchell,The Hurricane,1937,Best Actor in a Supporting Role,10th,no
H.,B. Warner,Lost Horizon,1937,Best Actor in a Supporting Role,10th,no
Roland,Young,Topper,1937,Best Actor in a Supporting Role,10th,no
Walter,Brennan,Kentucky,1938,Best Actor in a Supporting Role,11th,yes
John,Garfield,Four Daughters,1938,Best Actor in a Supporting Role,11th,no
Gene,Lockhart,Algiers,1938,Best Actor in a Supporting Role,11th,no
Robert,Morley,Marie Antoinette,1938,Best Actor in a Supporting Role,11th,no
Basil,Rathbone,If I Were King,1938,Best Actor in a Supporting Role,11th,no
Thomas,Mitchell,Stagecoach,1939,Best Actor in a Supporting Role,12th,yes
Brian,Aherne,Juarez,1939,Best Actor in a Supporting Role,12th,no
Harry,Carey Sr.,Mr. Smith Goes to Washington,1939,Best Actor in a Supporting Role,12th,no
Brian,Donlevy,Beau Geste,1939,Best Actor in a Supporting Role,12th,no
Claude,Rains,Mr. Smith Goes to Washington,1939,Best Actor in a Supporting Role,12th,no
Walter,Brennan,The Westerner,1940,Best Actor in a Supporting Role,13th,yes
Albert,Bassermann,Foreign Correspondent,1940,Best Actor in a Supporting Role,13th,no
William,Gargan,They Knew What They Wanted,1940,Best Actor in a Supporting Role,13th,no
Jack,Oakie,The Great Dictator,1940,Best Actor in a Supporting Role,13th,no
James,Stephenson,The Letter,1940,Best Actor in a Supporting Role,13th,no
Donald,Crisp,How Green Was My Valley,1941,Best Actor in a Supporting Role,14th,yes
Walter,Brennan,Sergeant York,1941,Best Actor in a Supporting Role,14th,no
Charles,Coburn,The Devil and Miss Jones,1941,Best Actor in a Supporting Role,14th,no
James,Gleason,Here Comes Mr. Jordan,1941,Best Actor in a Supporting Role,14th,no
Sydney,Greenstreet,The Maltese Falcon,1941,Best Actor in a Supporting Role,14th,no
Van,Heflin,Johnny Eager,1942,Best Actor in a Supporting Role,15th,yes
William,Bendix,Wake Island,1942,Best Actor in a Supporting Role,15th,no
Walter,Huston,Yankee Doodle Dandy,1942,Best Actor in a Supporting Role,15th,no
Frank,Morgan,Tortilla Flat,1942,Best Actor in a Supporting Role,15th,no
Henry,Travers,Mrs. Miniver,1942,Best Actor in a Supporting Role,15th,no
Charles,Coburn,The More the Merrier,1943,Best Actor in a Supporting Role,16th,yes
Charles,Bickford,The Song of Bernadette,1943,Best Actor in a Supporting Role,16th,no
J.,Carrol Naish,Sahara,1943,Best Actor in a Supporting Role,16th,no
Claude,Rains,Casablanca,1943,Best Actor in a Supporting Role,16th,no
Akim,Tamiroff,For Whom the Bell Tolls,1943,Best Actor in a Supporting Role,16th,no
Barry,Fitzgerald,Going My Way,1944,Best Actor in a Supporting Role,17th,yes
Hume,Cronyn,The Seventh Cross,1944,Best Actor in a Supporting Role,17th,no
Claude,Rains,Mr. Skeffington,1944,Best Actor in a Supporting Role,17th,no
Clifton,Webb,Laura,1944,Best Actor in a Supporting Role,17th,no
Monty,Woolley,Since You Went Away,1944,Best Actor in a Supporting Role,17th,no
James,Dunn,A Tree Grows in Brooklyn,1945,Best Actor in a Supporting Role,18th,yes
Michael,Chekhov,Spellbound,1945,Best Actor in a Supporting Role,18th,no
John,Dall,The Corn Is Green,1945,Best Actor in a Supporting Role,18th,no
Robert,Mitchum,The Story of G.I. Joe,1945,Best Actor in a Supporting Role,18th,no
J.,Carrol Naish,A Medal for Benny,1945,Best Actor in a Supporting Role,18th,no
Harold,Russell,The Best Years of Our Lives,1946,Best Actor in a Supporting Role,19th,yes
Charles,Coburn,The Green Years,1946,Best Actor in a Supporting Role,19th,no
William,Demarest,The Jolson Story,1946,Best Actor in a Supporting Role,19th,no
Claude,Rains,Notorious,1946,Best Actor in a Supporting Role,19th,no
Clifton,Webb,The Razor's Edge,1946,Best Actor in a Supporting Role,19th,no
Edmund,Gwenn,Miracle on 34th Street,1947,Best Actor in a Supporting Role,20th,yes
Charles,Bickford,The Farmer's Daughter,1947,Best Actor in a Supporting Role,20th,no
Thomas,Gomez,Ride the Pink Horse,1947,Best Actor in a Supporting Role,20th,no
Robert,Ryan,Crossfire,1947,Best Actor in a Supporting Role,20th,no
Richard,Widmark,Kiss of Death,1947,Best Actor in a Supporting Role,20th,no
Walter,Huston,The Treasure of the Sierra Madre,1948,Best Actor in a Supporting Role,21st,yes
Charles,Bickford,Johnny Belinda,1948,Best Actor in a Supporting Role,21st,no
José,Ferrer,Joan of Arc,1948,Best Actor in a Supporting Role,21st,no
Oskar,Homolka,I Remember Mama,1948,Best Actor in a Supporting Role,21st,no
Cecil,Kellaway,The Luck of the Irish,1948,Best Actor in a Supporting Role,21st,no
Dean,Jagger,Twelve O'Clock High,1949,Best Actor in a Supporting Role,22nd,yes
John,Ireland,All the King's Men,1949,Best Actor in a Supporting Role,22nd,no
Arthur,Kennedy,Champion,1949,Best Actor in a Supporting Role,22nd,no
Ralph,Richardson,The Heiress,1949,Best Actor in a Supporting Role,22nd,no
James,Whitmore,Battleground,1949,Best Actor in a Supporting Role,22nd,no
George,Sanders,All About Eve,1950,Best Actor in a Supporting Role,23rd,yes
Jeff,Chandler,Broken Arrow,1950,Best Actor in a Supporting Role,23rd,no
Edmund,Gwenn,Mister 880,1950,Best Actor in a Supporting Role,23rd,no
Sam,Jaffe,The Asphalt Jungle,1950,Best Actor in a Supporting Role,23rd,no
Erich,von Stroheim,Sunset Boulevard,1950,Best Actor in a Supporting Role,23rd,no
Karl,Malden,A Streetcar Named Desire,1951,Best Actor in a Supporting Role,24th,yes
Leo,Genn,Quo Vadis,1951,Best Actor in a Supporting Role,24th,no
Kevin,McCarthy,Death of a Salesman,1951,Best Actor in a Supporting Role,24th,no
Peter,Ustinov,Quo Vadis,1951,Best Actor in a Supporting Role,24th,no
Gig,Young,Come Fill the Cup,1951,Best Actor in a Supporting Role,24th,no
Anthony,Quinn,Viva Zapata!,1952,Best Actor in a Supporting Role,25th,yes
Richard,Burton,My Cousin Rachel,1952,Best Actor in a Supporting Role,25th,no
Arthur,Hunnicutt,The Big Sky,1952,Best Actor in a Supporting Role,25th,no
Victor,McLaglen,The Quiet Man,1952,Best Actor in a Supporting Role,25th,no
Jack,Palance,Sudden Fear,1952,Best Actor in a Supporting Role,25th,no
Frank,Sinatra,From Here to Eternity,1953,Best Actor in a Supporting Role,26th,yes
Eddie,Albert,Roman Holiday,1953,Best Actor in a Supporting Role,26th,no
Brandon,deWilde,Shane,1953,Best Actor in a Supporting Role,26th,no
Robert,Strauss,Stalag 17,1953,Best Actor in a Supporting Role,26th,no
Edmond,O'Brien,The Barefoot Contessa,1954,Best Actor in a Supporting Role,27th,yes
Lee,J. Cobb,On the Waterfront,1954,Best Actor in a Supporting Role,27th,no
Tom,Tully,The Caine Mutiny,1954,Best Actor in a Supporting Role,27th,no
Jack,Lemmon,Mister Roberts,1955,Best Actor in a Supporting Role,28th,yes
Arthur,Kennedy,Trial,1955,Best Actor in a Supporting Role,28th,no
Joe,Mantell,Marty,1955,Best Actor in a Supporting Role,28th,no
Sal,Mineo,Rebel Without a Cause,1955,Best Actor in a Supporting Role,28th,no
Arthur,O'Connell,Picnic,1955,Best Actor in a Supporting Role,28th,no
Anthony,Quinn,Lust for Life,1956,Best Actor in a Supporting Role,29th,yes
Don,Murray,Bus Stop,1956,Best Actor in a Supporting Role,29th,no
Anthony,Perkins,Friendly Persuasion,1956,Best Actor in a Supporting Role,29th,no
Mickey,Rooney,The Bold and the Brave,1956,Best Actor in a Supporting Role,29th,no
Robert,Stack,Written on the Wind,1956,Best Actor in a Supporting Role,29th,no
Red,Buttons,Sayonara,1957,Best Actor in a Supporting Role,30th,yes
Vittorio,De Sica,A Farewell to Arms,1957,Best Actor in a Supporting Role,30th,no
Sessue,Hayakawa,The Bridge on the River Kwai,1957,Best Actor in a Supporting Role,30th,no
Arthur,Kennedy,Peyton Place,1957,Best Actor in a Supporting Role,30th,no
Burl,Ives,The Big Country,1958,Best Actor in a Supporting Role,31st,yes
Theodore,Bikel,The Defiant Ones,1958,Best Actor in a Supporting Role,31st,no
Lee,J. Cobb,The Brothers Karamazov,1958,Best Actor in a Supporting Role,31st,no
Arthur,Kennedy,Some Came Running,1958,Best Actor in a Supporting Role,31st,no
Gig,Young,Teacher's Pet,1958,Best Actor in a Supporting Role,31st,no
Hugh,Griffith,Ben-Hur,1959,Best Actor in a Supporting Role,32nd,yes
Arthur,O'Connell,Anatomy of a Murder,1959,Best Actor in a Supporting Role,32nd,no
Robert,Vaughn,The Young Philadelphians,1959,Best Actor in a Supporting Role,32nd,no
Ed,Wynn,The Diary of Anne Frank,1959,Best Actor in a Supporting Role,32nd,no
Peter,Ustinov,Spartacus,1960,Best Actor in a Supporting Role,33rd,yes
Peter,Falk,"Murder, Inc.",1960,Best Actor in a Supporting Role,33rd,no
Jack,Kruschen,The Apartment,1960,Best Actor in a Supporting Role,33rd,no
Sal,Mineo,Exodus,1960,Best Actor in a Supporting Role,33rd,no
Chill,Wills,The Alamo,1960,Best Actor in a Supporting Role,33rd,no
George,Chakiris,West Side Story,1961,Best Actor in a Supporting Role,34th,yes
Montgomery,Clift,Judgment at Nuremberg,1961,Best Actor in a Supporting Role,34th,no
Peter,Falk,Pocketful of Miracles,1961,Best Actor in a Supporting Role,34th,no
Jackie,Gleason,The Hustler,1961,Best Actor in a Supporting Role,34th,no
Ed,Begley,Sweet Bird of Youth,1962,Best Actor in a Supporting Role,35th,yes
Victor,Buono,What Ever Happened to Baby Jane?,1962,Best Actor in a Supporting Role,35th,no
Telly,Savalas,Birdman of Alcatraz,1962,Best Actor in a Supporting Role,35th,no
Omar,Sharif,Lawrence of Arabia,1962,Best Actor in a Supporting Role,35th,no
Terence,Stamp,Billy Budd,1962,Best Actor in a Supporting Role,35th,no
Melvyn,Douglas,Hud,1963,Best Actor in a Supporting Role,36th,yes
Nick,Adams,Twilight of Honor,1963,Best Actor in a Supporting Role,36th,no
Bobby,Darin,"Captain Newman, M.D.",1963,Best Actor in a Supporting Role,36th,no
Hugh,Griffith,Tom Jones,1963,Best Actor in a Supporting Role,36th,no
John,Huston,The Cardinal,1963,Best Actor in a Supporting Role,36th,no
Peter,Ustinov,Topkapi,1964,Best Actor in a Supporting Role,37th,yes
John,Gielgud,Becket,1964,Best Actor in a Supporting Role,37th,no
Stanley,Holloway,My Fair Lady,1964,Best Actor in a Supporting Role,37th,no
Edmond,O'Brien,Seven Days in May,1964,Best Actor in a Supporting Role,37th,no
Lee,Tracy,The Best Man,1964,Best Actor in a Supporting Role,37th,no
Martin,Balsam,A Thousand Clowns,1965,Best Actor in a Supporting Role,38th,yes
Ian,Bannen,The Flight of the Phoenix,1965,Best Actor in a Supporting Role,38th,no
Tom,Courtenay,Doctor Zhivago,1965,Best Actor in a Supporting Role,38th,no
Michael,Dunn,Ship of Fools,1965,Best Actor in a Supporting Role,38th,no
Frank,Finlay,Othello,1965,Best Actor in a Supporting Role,38th,no
Walter,Matthau,The Fortune Cookie,1966,Best Actor in a Supporting Role,39th,yes
Mako,,The Sand Pebbles,1966,Best Actor in a Supporting Role,39th,no
James,Mason,Georgy Girl,1966,Best Actor in a Supporting Role,39th,no
George,Segal,Who's Afraid of Virginia Woolf?,1966,Best Actor in a Supporting Role,39th,no
Robert,Shaw,A Man for All Seasons,1966,Best Actor in a Supporting Role,39th,no
George,Kennedy,Cool Hand Luke,1967,Best Actor in a Supporting Role,40th,yes
John,Cassavetes,The Dirty Dozen,1967,Best Actor in a Supporting Role,40th,no
Gene,Hackman,Bonnie and Clyde,1967,Best Actor in a Supporting Role,40th,no
Cecil,Kellaway,Guess Who's Coming to Dinner,1967,Best Actor in a Supporting Role,40th,no
Michael,J. Pollard,Bonnie and Clyde,1967,Best Actor in a Supporting Role,40th,no
Jack,Albertson,The Subject Was Roses,1968,Best Actor in a Supporting Role,41st,yes
Seymour,Cassel,Faces,1968,Best Actor in a Supporting Role,41st,no
Daniel,Massey,Star!,1968,Best Actor in a Supporting Role,41st,no
Jack,Wild,Oliver!,1968,Best Actor in a Supporting Role,41st,no
Gene,Wilder,The Producers,1968,Best Actor in a Supporting Role,41st,no
Gig,Young,"They Shoot Horses, Don't They?",1969,Best Actor in a Supporting Role,42nd,yes
Rupert,Crosse,The Reivers,1969,Best Actor in a Supporting Role,42nd,no
Elliott,Gould,Bob & Carol & Ted & Alice,1969,Best Actor in a Supporting Role,42nd,no
Jack,Nicholson,Easy Rider,1969,Best Actor in a Supporting Role,42nd,no
Anthony,Quayle,Anne of the Thousand Days,1969,Best Actor in a Supporting Role,42nd,no
John,Mills,Ryan's Daughter,1970,Best Actor in a Supporting Role,43rd,yes
Richard,S. Castellano,Lovers and Other Strangers,1970,Best Actor in a Supporting Role,43rd,no
Chief,Dan George,Little Big Man,1970,Best Actor in a Supporting Role,43rd,no
Gene,Hackman,I Never Sang for My Father,1970,Best Actor in a Supporting Role,43rd,no
John,Marley,Love Story,1970,Best Actor in a Supporting Role,43rd,no
Ben,Johnson,The Last Picture Show,1971,Best Actor in a Supporting Role,44th,yes
Jeff,Bridges,The Last Picture Show,1971,Best Actor in a Supporting Role,44th,no
Leonard,Frey,Fiddler on the Roof,1971,Best Actor in a Supporting Role,44th,no
Richard,Jaeckel,Sometimes a Great Notion,1971,Best Actor in a Supporting Role,44th,no
Roy,Scheider,The French Connection,1971,Best Actor in a Supporting Role,44th,no
Joel,Grey,Cabaret,1972,Best Actor in a Supporting Role,45th,yes
Eddie,Albert,The Heartbreak Kid,1972,Best Actor in a Supporting Role,45th,no
James,Caan,The Godfather,1972,Best Actor in a Supporting Role,45th,no
John,Houseman,The Paper Chase,1973,Best Actor in a Supporting Role,46th,yes
Vincent,Gardenia,Bang the Drum Slowly,1973,Best Actor in a Supporting Role,46th,no
Jack,Gilford,Save the Tiger,1973,Best Actor in a Supporting Role,46th,no
Jason,Miller,The Exorcist,1973,Best Actor in a Supporting Role,46th,no
Randy,Quaid,The Last Detail,1973,Best Actor in a Supporting Role,46th,no
Robert,De Niro,The Godfather Part II,1974,Best Actor in a Supporting Role,47th,yes
Fred,Astaire,The Towering Inferno,1974,Best Actor in a Supporting Role,47th,no
Jeff,Bridges,Thunderbolt and Lightfoot,1974,Best Actor in a Supporting Role,47th,no
Michael,V. Gazzo,The Godfather Part II,1974,Best Actor in a Supporting Role,47th,no
George,Burns,The Sunshine Boys,1975,Best Actor in a Supporting Role,48th,yes
Brad,Dourif,One Flew Over the Cuckoo's Nest,1975,Best Actor in a Supporting Role,48th,no
Burgess,Meredith,The Day of the Locust,1975,Best Actor in a Supporting Role,48th,no
Chris,Sarandon,Dog Day Afternoon,1975,Best Actor in a Supporting Role,48th,no
Jack,Warden,Shampoo,1975,Best Actor in a Supporting Role,48th,no
Jason,Robards,All the President's Men,1976,Best Actor in a Supporting Role,49th,yes
Ned,Beatty,Network,1976,Best Actor in a Supporting Role,49th,no
Burgess,Meredith,Rocky,1976,Best Actor in a Supporting Role,49th,no
Laurence,Olivier,Marathon Man,1976,Best Actor in a Supporting Role,49th,no
Burt,Young,Rocky,1976,Best Actor in a Supporting Role,49th,no
Jason,Robards,Julia,1977,Best Actor in a Supporting Role,50th,yes
Mikhail,Baryshnikov,The Turning Point,1977,Best Actor in a Supporting Role,50th,no
Peter,Firth,Equus,1977,Best Actor in a Supporting Role,50th,no
Alec,Guinness,Star Wars,1977,Best Actor in a Supporting Role,50th,no
Maximilian,Schell,Julia,1977,Best Actor in a Supporting Role,50th,no
Christopher,Walken,The Deer Hunter,1978,Best Actor in a Supporting Role,51st,yes
Bruce,Dern,Coming Home,1978,Best Actor in a Supporting Role,51st,no
Richard,Farnsworth,Comes a Horseman,1978,Best Actor in a Supporting Role,51st,no
John,Hurt,Midnight Express,1978,Best Actor in a Supporting Role,51st,no
Jack,Warden,Heaven Can Wait,1978,Best Actor in a Supporting Role,51st,no
Melvyn,Douglas,Being There,1979,Best Actor in a Supporting Role,52nd,yes
Robert,Duvall,Apocalypse Now,1979,Best Actor in a Supporting Role,52nd,no
Frederic,Forrest,The Rose,1979,Best Actor in a Supporting Role,52nd,no
Justin,Henry,Kramer vs. Kramer,1979,Best Actor in a Supporting Role,52nd,no
Mickey,Rooney,The Black Stallion,1979,Best Actor in a Supporting Role,52nd,no
Timothy,Hutton,Ordinary People,1980,Best Actor in a Supporting Role,53rd,yes
Judd,Hirsch,Ordinary People,1980,Best Actor in a Supporting Role,53rd,no
Michael,O'Keefe,The Great Santini,1980,Best Actor in a Supporting Role,53rd,no
Joe,Pesci,Raging Bull,1980,Best Actor in a Supporting Role,53rd,no
Jason,Robards,Melvin and Howard,1980,Best Actor in a Supporting Role,53rd,no
John,Gielgud,Arthur,1981,Best Actor in a Supporting Role,54th,yes
James,Coco,Only When I Laugh,1981,Best Actor in a Supporting Role,54th,no
Ian,Holm,Chariots of Fire,1981,Best Actor in a Supporting Role,54th,no
Jack,Nicholson,Reds,1981,Best Actor in a Supporting Role,54th,no
Howard,Rollins,Ragtime,1981,Best Actor in a Supporting Role,54th,no
Louis,Gossett Jr.,An Officer and a Gentleman,1982,Best Actor in a Supporting Role,55th,yes
Charles,Durning,The Best Little Whorehouse in Texas,1982,Best Actor in a Supporting Role,55th,no
John,Lithgow,The World According to Garp,1982,Best Actor in a Supporting Role,55th,no
James,Mason,The Verdict,1982,Best Actor in a Supporting Role,55th,no
Robert,Preston,Victor/Victoria,1982,Best Actor in a Supporting Role,55th,no
Jack,Nicholson,Terms of Endearment,1983,Best Actor in a Supporting Role,56th,yes
Charles,Durning,To Be or Not to Be,1983,Best Actor in a Supporting Role,56th,no
John,Lithgow,Terms of Endearment,1983,Best Actor in a Supporting Role,56th,no
Sam,Shepard,The Right Stuff,1983,Best Actor in a Supporting Role,56th,no
Rip,Torn,Cross Creek,1983,Best Actor in a Supporting Role,56th,no
Haing,S. Ngor,The Killing Fields,1984,Best Actor in a Supporting Role,57th,yes
Adolph,Caesar,A Soldier's Story,1984,Best Actor in a Supporting Role,57th,no
John,Malkovich,Places in the Heart,1984,Best Actor in a Supporting Role,57th,no
Pat,Morita,The Karate Kid,1984,Best Actor in a Supporting Role,57th,no
Ralph,Richardson,"Greystoke: The Legend of Tarzan, Lord of the Apes",1984,Best Actor in a Supporting Role,57th,no
Don,Ameche,Cocoon,1985,Best Actor in a Supporting Role,58th,yes
Klaus,Maria Brandauer,Out of Africa,1985,Best Actor in a Supporting Role,58th,no
William,Hickey,Prizzi's Honor,1985,Best Actor in a Supporting Role,58th,no
Robert,Loggia,Jagged Edge,1985,Best Actor in a Supporting Role,58th,no
Eric,Roberts,Runaway Train,1985,Best Actor in a Supporting Role,58th,no
Michael,Caine,Hannah and Her Sisters,1986,Best Actor in a Supporting Role,59th,yes
Tom,Berenger,Platoon,1986,Best Actor in a Supporting Role,59th,no
Denholm,Elliott,A Room with a View,1986,Best Actor in a Supporting Role,59th,no
Dennis,Hopper,Hoosiers,1986,Best Actor in a Supporting Role,59th,no
Sean,Connery,The Untouchables,1987,Best Actor in a Supporting Role,60th,yes
Albert,Brooks,Broadcast News,1987,Best Actor in a Supporting Role,60th,no
Morgan,Freeman,Street Smart,1987,Best Actor in a Supporting Role,60th,no
Vincent,Gardenia,Moonstruck,1987,Best Actor in a Supporting Role,60th,no
Denzel,Washington,Cry Freedom,1987,Best Actor in a Supporting Role,60th,no
Kevin,Kline,A Fish Called Wanda,1988,Best Actor in a Supporting Role,61st,yes
Alec,Guinness,Little Dorrit,1988,Best Actor in a Supporting Role,61st,no
Martin,Landau,Tucker: The Man and His Dream,1988,Best Actor in a Supporting Role,61st,no
River,Phoenix,Running on Empty,1988,Best Actor in a Supporting Role,61st,no
Dean,Stockwell,Married to the Mob,1988,Best Actor in a Supporting Role,61st,no
Denzel,Washington,Glory,1989,Best Actor in a Supporting Role,62nd,yes
Danny,Aiello,Do the Right Thing,1989,Best Actor in a Supporting Role,62nd,no
Dan,Aykroyd,Driving Miss Daisy,1989,Best Actor in a Supporting Role,62nd,no
Marlon,Brando,A Dry White Season,1989,Best Actor in a Supporting Role,62nd,no
Martin,Landau,Crimes and Misdemeanors,1989,Best Actor in a Supporting Role,62nd,no
Joe,Pesci,GoodFellas,1990,Best Actor in a Supporting Role,63rd,yes
Bruce,Davison,Longtime Companion,1990,Best Actor in a Supporting Role,63rd,no
Andy,García,The Godfather Part III,1990,Best Actor in a Supporting Role,63rd,no
Graham,Greene,Dances with Wolves,1990,Best Actor in a Supporting Role,63rd,no
Al,Pacino,Dick Tracy,1990,Best Actor in a Supporting Role,63rd,no
Jack,Palance,City Slickers,1991,Best Actor in a Supporting Role,64th,yes
Tommy,Lee Jones,JFK,1991,Best Actor in a Supporting Role,64th,no
Harvey,Keitel,Bugsy,1991,Best Actor in a Supporting Role,64th,no
Michael,Lerner,Barton Fink,1991,Best Actor in a Supporting Role,64th,no
Gene,Hackman,Unforgiven,1992,Best Actor in a Supporting Role,65th,yes
Jaye,Davidson,The Crying Game,1992,Best Actor in a Supporting Role,65th,no
Jack,Nicholson,A Few Good Men,1992,Best Actor in a Supporting Role,65th,no
Al,Pacino,Glengarry Glen Ross,1992,Best Actor in a Supporting Role,65th,no
David,Paymer,Mr. Saturday Night,1992,Best Actor in a Supporting Role,65th,no
Tommy,Lee Jones,The Fugitive,1993,Best Actor in a Supporting Role,66th,yes
Leonardo,DiCaprio,What's Eating Gilbert Grape,1993,Best Actor in a Supporting Role,66th,no
Ralph,Fiennes,Schindler's List,1993,Best Actor in a Supporting Role,66th,no
John,Malkovich,In the Line of Fire,1993,Best Actor in a Supporting Role,66th,no
Pete,Postlethwaite,In the Name of the Father,1993,Best Actor in a Supporting Role,66th,no
Martin,Landau,Ed Wood,1994,Best Actor in a Supporting Role,67th,yes
Samuel,L. Jackson,Pulp Fiction,1994,Best Actor in a Supporting Role,67th,no
Chazz,Palminteri,Bullets over Broadway,1994,Best Actor in a Supporting Role,67th,no
Paul,Scofield,Quiz Show,1994,Best Actor in a Supporting Role,67th,no
Gary,Sinise,Forrest Gump,1994,Best Actor in a Supporting Role,67th,no
Kevin,Spacey,The Usual Suspects,1995,Best Actor in a Supporting Role,68th,yes
James,Cromwell,Babe,1995,Best Actor in a Supporting Role,68th,no
Ed,Harris,Apollo 13,1995,Best Actor in a Supporting Role,68th,no
Brad,Pitt,12 Monkeys,1995,Best Actor in a Supporting Role,68th,no
Tim,Roth,Rob Roy,1995,Best Actor in a Supporting Role,68th,no
Cuba,Gooding Jr.,Jerry Maguire,1996,Best Actor in a Supporting Role,69th,yes
William,H. Macy,Fargo,1996,Best Actor in a Supporting Role,69th,no
Armin,Mueller-Stahl,Shine,1996,Best Actor in a Supporting Role,69th,no
Edward,Norton,Primal Fear,1996,Best Actor in a Supporting Role,69th,no
James,Woods,Ghosts of Mississippi,1996,Best Actor in a Supporting Role,69th,no
Robin,Williams,Good Will Hunting,1997,Best Actor in a Supporting Role,70th,yes
Robert,Forster,Jackie Brown,1997,Best Actor in a Supporting Role,70th,no
Anthony,Hopkins,Amistad,1997,Best Actor in a Supporting Role,70th,no
Greg,Kinnear,As Good as It Gets,1997,Best Actor in a Supporting Role,70th,no
Burt,Reynolds,Boogie Nights,1997,Best Actor in a Supporting Role,70th,no
James,Coburn,Affliction,1998,Best Actor in a Supporting Role,71st,yes
Robert,Duvall,A Civil Action,1998,Best Actor in a Supporting Role,71st,no
Ed,Harris,The Truman Show,1998,Best Actor in a Supporting Role,71st,no
Geoffrey,Rush,Shakespeare in Love,1998,Best Actor in a Supporting Role,71st,no
Billy,Bob Thornton,A Simple Plan,1998,Best Actor in a Supporting Role,71st,no
Michael,Caine,The Cider House Rules,1999,Best Actor in a Supporting Role,72nd,yes
Tom,Cruise,Magnolia,1999,Best Actor in a Supporting Role,72nd,no
Michael,Clarke Duncan,The Green Mile,1999,Best Actor in a Supporting Role,72nd,no
Jude,Law,The Talented Mr. Ripley,1999,Best Actor in a Supporting Role,72nd,no
Haley,Joel Osment,The Sixth Sense,1999,Best Actor in a Supporting Role,72nd,no
Benicio,del Toro,Traffic,2000,Best Actor in a Supporting Role,73rd,yes
Jeff,Bridges,The Contender,2000,Best Actor in a Supporting Role,73rd,no
Willem,Dafoe,Shadow of the Vampire,2000,Best Actor in a Supporting Role,73rd,no
Albert,Finney,Erin Brockovich,2000,Best Actor in a Supporting Role,73rd,no
Joaquin,Phoenix,Gladiator,2000,Best Actor in a Supporting Role,73rd,no
Jim,Broadbent,Iris,2001,Best Actor in a Supporting Role,74th,yes
Ethan,Hawke,Training Day,2001,Best Actor in a Supporting Role,74th,no
Ben,Kingsley,Sexy Beast,2001,Best Actor in a Supporting Role,74th,no
Ian,McKellen,The Lord of the Rings: The Fellowship of the Ring,2001,Best Actor in a Supporting Role,74th,no
Jon,Voight,Ali,2001,Best Actor in a Supporting Role,74th,no
Chris,Cooper,Adaptation,2002,Best Actor in a Supporting Role,75th,yes
Ed,Harris,The Hours,2002,Best Actor in a Supporting Role,75th,no
Paul,Newman,Road to Perdition,2002,Best Actor in a Supporting Role,75th,no
John,C. Reilly,Chicago,2002,Best Actor in a Supporting Role,75th,no
Christopher,Walken,Catch Me If You Can,2002,Best Actor in a Supporting Role,75th,no
Tim,Robbins,Mystic River,2003,Best Actor in a Supporting Role,76th,yes
Alec,Baldwin,The Cooler,2003,Best Actor in a Supporting Role,76th,no
Benicio,del Toro,21 Grams,2003,Best Actor in a Supporting Role,76th,no
Djimon,Hounsou,In America,2003,Best Actor in a Supporting Role,76th,no
Ken,Watanabe,The Last Samurai,2003,Best Actor in a Supporting Role,76th,no
Morgan,Freeman,Million Dollar Baby,2004,Best Actor in a Supporting Role,77th,yes
Alan,Alda,The Aviator,2004,Best Actor in a Supporting Role,77th,no
Thomas,Haden Church,Sideways,2004,Best Actor in a Supporting Role,77th,no
Jamie,Foxx,Collateral,2004,Best Actor in a Supporting Role,77th,no
Clive,Owen,Closer,2004,Best Actor in a Supporting Role,77th,no
George,Clooney,Syriana,2005,Best Actor in a Supporting Role,78th,yes
Matt,Dillon,Crash,2005,Best Actor in a Supporting Role,78th,no
Paul,Giamatti,Cinderella Man,2005,Best Actor in a Supporting Role,78th,no
Jake,Gyllenhaal,Brokeback Mountain,2005,Best Actor in a Supporting Role,78th,no
William,Hurt,A History of Violence,2005,Best Actor in a Supporting Role,78th,no
Alan,Arkin,Little Miss Sunshine,2006,Best Actor in a Supporting Role,79th,yes
Jackie,Earle Haley,Little Children,2006,Best Actor in a Supporting Role,79th,no
Djimon,Hounsou,Blood Diamond,2006,Best Actor in a Supporting Role,79th,no
Eddie,Murphy,Dreamgirls,2006,Best Actor in a Supporting Role,79th,no
Mark,Wahlberg,The Departed,2006,Best Actor in a Supporting Role,79th,no
Javier,Bardem,No Country for Old Men,2007,Best Actor in a Supporting Role,80th,yes
Casey,Affleck,The Assassination of Jesse James by the Coward Robert Ford,2007,Best Actor in a Supporting Role,80th,no
Philip,Seymour Hoffman,Charlie Wilson's War,2007,Best Actor in a Supporting Role,80th,no
Hal,Holbrook,Into the Wild,2007,Best Actor in a Supporting Role,80th,no
Tom,Wilkinson,Michael Clayton,2007,Best Actor in a Supporting Role,80th,no
Heath,Ledger,The Dark Knight,2008,Best Actor in a Supporting Role,81st,yes
Josh,Brolin,Milk,2008,Best Actor in a Supporting Role,81st,no
Robert,Downey Jr.,Tropic Thunder,2008,Best Actor in a Supporting Role,81st,no
Philip,Seymour Hoffman,Doubt,2008,Best Actor in a Supporting Role,81st,no
Michael,Shannon,Revolutionary Road,2008,Best Actor in a Supporting Role,81st,no
Christoph,Waltz,Inglourious Basterds,2009,Best Actor in a Supporting Role,82nd,yes
Matt,Damon,Invictus,2009,Best Actor in a Supporting Role,82nd,no
Woody,Harrelson,The Messenger,2009,Best Actor in a Supporting Role,82nd,no
Christopher,Plummer,The Last Station,2009,Best Actor in a Supporting Role,82nd,no
Stanley,Tucci,The Lovely Bones,2009,Best Actor in a Supporting Role,82nd,no
Christian,Bale,The Fighter,2010,Best Actor in a Supporting Role,83rd,yes
John,Hawkes,Winter's Bone,2010,Best Actor in a Supporting Role,83rd,no
Jeremy,Renner,The Town,2010,Best Actor in a Supporting Role,83rd,no
Mark,Ruffalo,The Kids Are All Right,2010,Best Actor in a Supporting Role,83rd,no
Geoffrey,Rush,The King's Speech,2010,Best Actor in a Supporting Role,83rd,no
Christopher,Plummer,Beginners,2011,Best Actor in a Supporting Role,84th,yes
Kenneth,Branagh,My Week with Marilyn,2011,Best Actor in a Supporting Role,84th,no
Jonah,Hill,Moneyball,2011,Best Actor in a Supporting Role,84th,no
Nick,Nolte,Warrior,2011,Best Actor in a Supporting Role,84th,no
Max,von Sydow,Extremely Loud & Incredibly Close,2011,Best Actor in a Supporting Role,84th,no
Christoph,Waltz,Django Unchained,2012,Best Actor in a Supporting Role,85th,yes
Alan,Arkin,Argo,2012,Best Actor in a Supporting Role,85th,no
Robert,De Niro,Silver Linings Playbook,2012,Best Actor in a Supporting Role,85th,no
Philip,Seymour Hoffman,The Master,2012,Best Actor in a Supporting Role,85th,no
Tommy,Lee Jones,Lincoln,2012,Best Actor in a Supporting Role,85th,no
Jared,Leto,Dallas Buyers Club,2013,Best Actor in a Supporting Role,86th,yes
Barkhad,Abdi,Captain Phillips,2013,Best Actor in a Supporting Role,86th,no
Bradley,Cooper,American Hustle,2013,Best Actor in a Supporting Role,86th,no
Michael,Fassbender,12 Years a Slave,2013,Best Actor in a Supporting Role,86th,no
Jonah,Hill,The Wolf of Wall Street,2013,Best Actor in a Supporting Role,86th,no
J.,K. Simmons,Whiplash,2014,Best Actor in a Supporting Role,87th,yes
Robert,Duvall,The Judge,2014,Best Actor in a Supporting Role,87th,no
Ethan,Hawke,Boyhood,2014,Best Actor in a Supporting Role,87th,no
Edward,Norton,Birdman,2014,Best Actor in a Supporting Role,87th,no
Mark,Ruffalo,Foxcatcher,2014,Best Actor in a Supporting Role,87th,no
Mark,Rylance,Bridge of Spies,2015,Best Actor in a Supporting Role,88th,yes
Christian,Bale,The Big Short,2015,Best Actor in a Supporting Role,88th,no
Tom,Hardy,The Revenant,2015,Best Actor in a Supporting Role,88th,no
Mark,Ruffalo,Spotlight,2015,Best Actor in a Supporting Role,88th,no
Sylvester,Stallone,Creed,2015,Best Actor in a Supporting Role,88th,no
Mahershala,Ali,Moonlight,2016,Best Actor in a Supporting Role,89th,yes
Jeff,Bridges,Hell or High Water,2016,Best Actor in a Supporting Role,89th,no
Lucas,Hedges,Manchester by the Sea,2016,Best Actor in a Supporting Role,89th,no
Dev,Patel,Lion,2016,Best Actor in a Supporting Role,89th,no
Michael,Shannon,Nocturnal Animals,2016,Best Actor in a Supporting Role,89th,no
Sam,Rockwell,"Three Billboards Outside Ebbing, Missouri",2017,Best Actor in a Supporting Role,90th,yes
Willem,Dafoe,The Florida Project,2017,Best Actor in a Supporting Role,90th,no
Woody,Harrelson,"Three Billboards Outside Ebbing, Missouri",2017,Best Actor in a Supporting Role,90th,no
Richard,Jenkins,The Shape of Water,2017,Best Actor in a Supporting Role,90th,no
Christopher,Plummer,All the Money in the World,2017,Best Actor in a Supporting Role,90th,no
Mahershala,Ali,Green Book,2018,Best Actor in a Supporting Role,91st,yes
Adam,Driver,BlacKkKlansman,2018,Best Actor in a Supporting Role,91st,no
Sam,Elliott,A Star Is Born,2018,Best Actor in a Supporting Role,91st,no
Richard,E. Grant,Can You Ever Forgive Me?,2018,Best Actor in a Supporting Role,91st,no
Sam,Rockwell,Vice,2018,Best Actor in a Supporting Role,91st,no
Brad,Pitt,Once Upon a Time in Hollywood,2019,Best Actor in a Supporting Role,92nd,yes
Tom,Hanks,A Beautiful Day in the Neighborhood,2019,Best Actor in a Supporting Role,92nd,no
Anthony,Hopkins,The Two Popes,2019,Best Actor in a Supporting Role,92nd,no
Al,Pacino,The Irishman,2019,Best Actor in a Supporting Role,92nd,no
Daniel,Kaluuya,Judas and the Black Messiah,2020,Best Actor in a Supporting Role,93rd,yes
Sacha,Baron Cohen,The Trial of the Chicago 7,2020,Best Actor in a Supporting Role,93rd,no
Leslie,Odom Jr.,One Night in Miami...,2020,Best Actor in a Supporting Role,93rd,no
Paul,Raci,Sound of Metal,2020,Best Actor in a Supporting Role,93rd,no
LaKeith,Stanfield,Judas and the Black Messiah,2020,Best Actor in a Supporting Role,93rd,no
Troy,Kotsur,CODA,2021,Best Actor in a Supporting Role,94th,yes
Ciarán,Hinds,Belfast,2021,Best Actor in a Supporting Role,94th,no
Jesse,Plemons,The Power of the Dog,2021,Best Actor in a Supporting Role,94th,no
J.,K. Simmons,Being the Ricardos,2021,Best Actor in a Supporting Role,94th,no
Kodi,Smit-McPhee,The Power of the Dog,2021,Best Actor in a Supporting Role,94th,no
Ke,Huy Quan,Everything Everywhere All at Once,2022,Best Actor in a Supporting Role,95th,yes
Brendan,Gleeson,The Banshees of Inisherin,2022,Best Actor in a Supporting Role,95th,no
Brian,Tyree Henry,Causeway,2022,Best Actor in a Supporting Role,95th,no
Judd,Hirsch,The Fabelmans,2022,Best Actor in a Supporting Role,95th,no
Barry,Keoghan,The Banshees of Inisherin,2022,Best Actor in a Supporting Role,95th,no
Robert,Downey Jr.,Oppenheimer,2023,Best Actor in a Supporting Role,96th,yes
Sterling,K. Brown,American Fiction,2023,Best Actor in a Supporting Role,96th,no
Robert,De Niro,Killers of the Flower Moon,2023,Best Actor in a Supporting Role,96th,no
Ryan,Gosling,Barbie,2023,Best Actor in a Supporting Role,96th,no
Mark,Ruffalo,Poor Things,2023,Best Actor in a Supporting Role,96th,no
Kieran,Culkin,A Real Pain,2024,Best Actor in a Supporting Role,97th,yes
Yura,Borisov,Anora,2024,Best Actor in a Supporting Role,97th,no
Edward,Norton,A Complete Unknown,2024,Best Actor in a Supporting Role,97th,no
Guy,Pearce,The Brutalist,2024,Best Actor in a Supporting Role,97th,no
Jeremy,Strong,The Apprentice,2024,Best Actor in a Supporting Role,97th,no