firstName,lastName,movieTitle,releaseYear
Frank,Borzage,7th Heaven,1927
Herbert,Brenon,Sorrell and Son,1927
King,Vidor,The Crowd,1927
Lewis,Milestone,Two Arabian Knights,1927
Ted,Wilde,Speedy,1927
Charlie,Chaplin,The Circus,1927
Frank,Lloyd,The Divine Lady,1928
Lionel,Barrymore,Madame X,1928
Harry,Beaumont,The Broadway Melody,1928
Irving,Cummings,In Old Arizona,1928
Ernst,Lubitsch,The Patriot,1928
Lewis,Milestone,All Quiet on the Western Front,1929
Clarence,Brown,Anna Christie,1929
Robert,Z. Leonard,The Divorcee,1929
Ernst,Lubitsch,The Love Parade,1929
King,Vidor,Hallelujah!,1929
Norman,Taurog,Skippy,1930
Clarence,Brown,A Free Soul,1930
Lewis,Milestone,The Front Page,1930
Wesley,Ruggles,Cimarron,1930
Josef,von Sternberg,Morocco,1930
Frank,Borzage,Bad Girl,1931
King,Vidor,The Champ,1931
Josef,von Sternberg,Shanghai Express,1931
Frank,Lloyd,Cavalcade,1932
Frank,Capra,Lady for a Day,1932
George,Cukor,Little Women,1932
Frank,Capra,It Happened One Night,1934
Victor,Schertzinger,One Night of Love,1934
W.,S. Van Dyke,The Thin Man,1934
John,Ford,The Informer,1935
Henry,Hathaway,The Lives of a Bengal Lancer,1935
Frank,Lloyd,Mutiny on the Bounty,1935
Michael,Curtiz,Captain Blood,1935
Frank,Capra,Mr. Deeds Goes to Town,1936
Gregory,La Cava,My Man Godfrey,1936
Robert,Z. Leonard,The Great Ziegfeld,1936
W.,S. Van Dyke,San Francisco,1936
William,Wyler,Dodsworth,1936
Leo,McCarey,The Awful Truth,1937
William,Dieterle,The Life of Emile Zola,1937
Sidney,Franklin,The Good Earth,1937
Gregory,La Cava,Stage Door,1937
William,A. Wellman,A Star Is Born,1937
Frank,Capra,You Can't Take It with You,1938
Michael,Curtiz,Angels with Dirty Faces,1938
Norman,Taurog,Boys Town,1938
King,Vidor,The Citadel,1938
Victor,Fleming,Gone with the Wind,1939
Frank,Capra,Mr. Smith Goes to Washington,1939
John,Ford,Stagecoach,1939
Sam,Wood,"Goodbye, Mr. Chips",1939
William,Wyler,Wuthering Heights,1939
John,Ford,The Grapes of Wrath,1940
George,Cukor,The Philadelphia Story,1940
Alfred,Hitchcock,Rebecca,1940
Sam,Wood,Kitty Foyle,1940
William,Wyler,The Letter,1940
John,Ford,How Green Was My Valley,1941
Alexander,Hall,Here Comes Mr. Jordan,1941
Howard,Hawks,Sergeant York,1941
Orson,Welles,Citizen Kane,1941
William,Wyler,The Little Foxes,1941
William,Wyler,Mrs. Miniver,1942
Michael,Curtiz,Yankee Doodle Dandy,1942
John,Farrow,Wake Island,1942
Mervyn,LeRoy,Random Harvest,1942
Sam,Wood,Kings Row,1942
Michael,Curtiz,Casablanca,1943
Clarence,Brown,The Human Comedy,1943
Henry,King,The Song of Bernadette,1943
Ernst,Lubitsch,Heaven Can Wait,1943
George,Stevens,The More the Merrier,1943
Leo,McCarey,Going My Way,1944
Alfred,Hitchcock,Lifeboat,1944
Henry,King,Wilson,1944
Otto,Preminger,Laura,1944
Billy,Wilder,Double Indemnity,1944
Billy,Wilder,The Lost Weekend,1945
Clarence,Brown,National Velvet,1945
Alfred,Hitchcock,Spellbound,1945
Leo,McCarey,The Bells of St. Mary's,1945
Jean,Renoir,The Southerner,1945
William,Wyler,The Best Years of Our Lives,1946
Clarence,Brown,The Yearling,1946
Frank,Capra,It's a Wonderful Life,1946
David,Lean,Brief Encounter,1946
Robert,Siodmak,The Killers,1946
Elia,Kazan,Gentleman's Agreement,1947
George,Cukor,A Double Life,1947
Edward,Dmytryk,Crossfire,1947
Henry,Koster,The Bishop's Wife,1947
David,Lean,Great Expectations,1947
John,Huston,The Treasure of the Sierra Madre,1948
Anatole,Litvak,The Snake Pit,1948
Jean,Negulesco,Johnny Belinda,1948
Laurence,Olivier,Hamlet,1948
Fred,Zinnemann,The Search,1948
Joseph,L. Mankiewicz,A Letter to Three Wives,1949
Carol,Reed,The Fallen Idol,1949
Robert,Rossen,All the King's Men,1949
William,A. Wellman,Battleground,1949
William,Wyler,The Heiress,1949
Joseph,L. Mankiewicz,All About Eve,1950
George,Cukor,Born Yesterday,1950
John,Huston,The Asphalt Jungle,1950
Carol,Reed,The Third Man,1950
Billy,Wilder,Sunset Boulevard,1950
George,Stevens,A Place in the Sun,1951
John,Huston,The African Queen,1951
Elia,Kazan,A Streetcar Named Desire,1951
Vincente,Minnelli,An American in Paris,1951
William,Wyler,Detective Story,1951
John,Ford,The Quiet Man,1952
Cecil,B. DeMille,The Greatest Show on Earth,1952
John,Huston,Moulin Rouge,1952
Joseph,L. Mankiewicz,5 Fingers,1952
Fred,Zinnemann,High Noon,1952
Fred,Zinnemann,From Here to Eternity,1953
George,Stevens,Shane,1953
Charles,Walters,Lili,1953
Billy,Wilder,Stalag 17,1953
William,Wyler,Roman Holiday,1953
Elia,Kazan,On the Waterfront,1954
Alfred,Hitchcock,Rear Window,1954
George,Seaton,The Country Girl,1954
William,A. Wellman,The High and the Mighty,1954
Billy,Wilder,Sabrina,1954
Delbert,Mann,Marty,1955
Elia,Kazan,East of Eden,1955
David,Lean,Summertime,1955
Joshua,Logan,Picnic,1955
John,Sturges,Bad Day at Black Rock,1955
George,Stevens,Giant,1956
Michael,Anderson,Around the World in 80 Days,1956
Walter,Lang,The King and I,1956
King,Vidor,War and Peace,1956
William,Wyler,Friendly Persuasion,1956
David,Lean,The Bridge on the River Kwai,1957
Joshua,Logan,Sayonara,1957
Sidney,Lumet,12 Angry Men,1957
Mark,Robson,Peyton Place,1957
Billy,Wilder,Witness for the Prosecution,1957
Vincente,Minnelli,Gigi,1958
Richard,Brooks,Cat on a Hot Tin Roof,1958
Stanley,Kramer,The Defiant Ones,1958
Mark,Robson,The Inn of the Sixth Happiness,1958
Robert,Wise,I Want to Live!,1958
William,Wyler,Ben-Hur,1959
Jack,Clayton,Room at the Top,1959
George,Stevens,The Diary of Anne Frank,1959
Billy,Wilder,Some Like It Hot,1959
Fred,Zinnemann,The Nun's Story,1959
Billy,Wilder,The Apartment,1960
Jack,Cardiff,Sons and Lovers,1960
Jules,Dassin,Never on Sunday,1960
Alfred,Hitchcock,Psycho,1960
Fred,Zinnemann,The Sundowners,1960
Robert,Wise,West Side Story,1961
Federico,Fellini,La Dolce Vita,1961
Stanley,Kramer,Judgment at Nuremberg,1961
Robert,Rossen,The Hustler,1961
J.,Lee Thompson,The Guns of Navarone,1961
David,Lean,Lawrence of Arabia,1962
Pietro,Germi,Divorce Italian Style,1962
Robert,Mulligan,To Kill a Mockingbird,1962
Arthur,Penn,The Miracle Worker,1962
Frank,Perry,David and Lisa,1962
Tony,Richardson,Tom Jones,1963
Federico,Fellini,8½,1963
Elia,Kazan,America America,1963
Otto,Preminger,The Cardinal,1963
Martin,Ritt,Hud,1963
George,Cukor,My Fair Lady,1964
Michael,Cacoyannis,Zorba the Greek,1964
Peter,Glenville,Becket,1964
Stanley,Kubrick,Dr. Strangelove,1964
Robert,Stevenson,Mary Poppins,1964
Robert,Wise,The Sound of Music,1965
David,Lean,Doctor Zhivago,1965
John,Schlesinger,Darling,1965
Hiroshi,Teshigahara,Woman in the Dunes,1965
William,Wyler,The Collector,1965
Fred,Zinnemann,A Man for All Seasons,1966
Michelangelo,Antonioni,Blowup,1966
Richard,Brooks,The Professionals,1966
Claude,Lelouch,A Man and a Woman,1966
Mike,Nichols,Who's Afraid of Virginia Woolf?,1966
Mike,Nichols,The Graduate,1967
Richard,Brooks,In Cold Blood,1967
Norman,Jewison,In the Heat of the Night,1967
Stanley,Kramer,Guess Who's Coming to Dinner,1967
Arthur,Penn,Bonnie and Clyde,1967
Carol,Reed,Oliver!,1968
Anthony,Harvey,The Lion in Winter,1968
Stanley,Kubrick,2001: A Space Odyssey,1968
Gillo,Pontecorvo,The Battle of Algiers,1968
Franco,Zeffirelli,Romeo and Juliet,1968
John,Schlesinger,Midnight Cowboy,1969
Costa-Gavras,,Z,1969
George,Roy Hill,Butch Cassidy and the Sundance Kid,1969
Arthur,Penn,Alice's Restaurant,1969
Sydney,Pollack,"They Shoot Horses, Don't They?",1969
Franklin,J. Schaffner,Patton,1970
Robert,Altman,M*A*S*H,1970
Federico,Fellini,Fellini Satyricon,1970
Arthur,Hiller,Love Story,1970
Ken,Russell,Women in Love,1970
William,Friedkin,The French Connection,1971
Peter,Bogdanovich,The Last Picture Show,1971
Norman,Jewison,Fiddler on the Roof,1971
Stanley,Kubrick,A Clockwork Orange,1971
John,Schlesinger,Sunday Bloody Sunday,1971
Bob,Fosse,Cabaret,1972
John,Boorman,Deliverance,1972
Francis,Ford Coppola,The Godfather,1972
Joseph,L. Mankiewicz,Sleuth,1972
Jan,Troell,The Emigrants,1972
George,Roy Hill,The Sting,1973
Ingmar,Bergman,Cries and Whispers,1973
Bernardo,Bertolucci,Last Tango in Paris,1973
William,Friedkin,The Exorcist,1973
George,Lucas,American Graffiti,1973
Francis,Ford Coppola,The Godfather Part II,1974
John,Cassavetes,A Woman Under the Influence,1974
Bob,Fosse,Lenny,1974
Roman,Polanski,Chinatown,1974
François,Truffaut,Day for Night,1974
Miloš,Forman,One Flew Over the Cuckoo's Nest,1975
Robert,Altman,Nashville,1975
Federico,Fellini,Amarcord,1975
Stanley,Kubrick,Barry Lyndon,1975
Sidney,Lumet,Dog Day Afternoon,1975
John,G. Avildsen,Rocky,1976
Ingmar,Bergman,Face to Face,1976
Sidney,Lumet,Network,1976
Alan,J. Pakula,All the President's Men,1976
Lina,Wertmüller,Seven Beauties,1976
Woody,Allen,Annie Hall,1977
George,Lucas,Star Wars,1977
Herbert,Ross,The Turning Point,1977
Steven,Spielberg,Close Encounters of the Third Kind,1977
Fred,Zinnemann,Julia,1977
Michael,Cimino,The Deer Hunter,1978
Woody,Allen,Interiors,1978
Hal,Ashby,Coming Home,1978
Warren,Beatty,Heaven Can Wait,1978
Alan,Parker,Midnight Express,1978
Robert,Benton,Kramer vs. Kramer,1979
Francis,Ford Coppola,Apocalypse Now,1979
Bob,Fosse,All That Jazz,1979
Édouard,Molinaro,La Cage aux Folles,1979
Peter,Yates,Breaking Away,1979
Robert,Redford,Ordinary People,1980
David,Lynch,The Elephant Man,1980
Roman,Polanski,Tess,1980
Richard,Rush,The Stunt Man,1980
Martin,Scorsese,Raging Bull,1980
Warren,Beatty,Reds,1981
Hugh,Hudson,Chariots of Fire,1981
Louis,Malle,Atlantic City,1981
Mark,Rydell,On Golden Pond,1981
Steven,Spielberg,Raiders of the Lost Ark,1981
Richard,Attenborough,Gandhi,1982
Sidney,Lumet,The Verdict,1982
Wolfgang,Petersen,Das Boot,1982
Sydney,Pollack,Tootsie,1982
Steven,Spielberg,E.T. the Extra-Terrestrial,1982
James,L. Brooks,Terms of Endearment,1983
Bruce,Beresford,Tender Mercies,1983
Ingmar,Bergman,Fanny and Alexander,1983
Mike,Nichols,Silkwood,1983
Peter,Yates,The Dresser,1983
Miloš,Forman,Amadeus,1984
Woody,Allen,Broadway Danny Rose,1984
Robert,Benton,Places in the Heart,1984
Roland,Joffé,The Killing Fields,1984
David,Lean,A Passage to India,1984
Sydney,Pollack,Out of Africa,1985
Héctor,Babenco,Kiss of the Spider Woman,1985
John,Huston,Prizzi's Honor,1985
Akira,Kurosawa,Ran,1985
Peter,Weir,Witness,1985
Oliver,Stone,Platoon,1986
Woody,Allen,Hannah and Her Sisters,1986
James,Ivory,A Room with a View,1986
Roland,Joffé,The Mission,1986
David,Lynch,Blue Velvet,1986
Bernardo,Bertolucci,The Last Emperor,1987
John,Boorman,Hope and Glory,1987
Lasse,Hallström,My Life as a Dog,1987
Norman,Jewison,Moonstruck,1987
Adrian,Lyne,Fatal Attraction,1987
Barry,Levinson,Rain Man,1988
Charles,Crichton,A Fish Called Wanda,1988
Mike,Nichols,Working Girl,1988
Alan,Parker,Mississippi Burning,1988
Martin,Scorsese,The Last Temptation of Christ,1988
Oliver,Stone,Born on the Fourth of July,1989
Woody,Allen,Crimes and Misdemeanors,1989
Kenneth,Branagh,Henry V,1989
Jim,Sheridan,My Left Foot,1989
Peter,Weir,Dead Poets Society,1989
Kevin,Costner,Dances with Wolves,1990
Francis,Ford Coppola,The Godfather Part III,1990
Stephen,Frears,The Grifters,1990
Barbet,Schroeder,Reversal of Fortune,1990
Martin,Scorsese,Goodfellas,1990
Jonathan,Demme,The Silence of the Lambs,1991
Barry,Levinson,Bugsy,1991
Ridley,Scott,Thelma & Louise,1991
John,Singleton,Boyz n the Hood,1991
Oliver,Stone,JFK,1991
Clint,Eastwood,Unforgiven,1992
Robert,Altman,The Player,1992
Martin,Brest,Scent of a Woman,1992
James,Ivory,Howards End,1992
Neil,Jordan,The Crying Game,1992
Steven,Spielberg,Schindler's List,1993
Robert,Altman,Short Cuts,1993
Jane,Campion,The Piano,1993
James,Ivory,The Remains of the Day,1993
Jim,Sheridan,In the Name of the Father,1993
Robert,Zemeckis,Forrest Gump,1994
Woody,Allen,Bullets over Broadway,1994
Krzysztof,Kieślowski,Three Colours: Red,1994
Robert,Redford,Quiz Show,1994
Quentin,Tarantino,Pulp Fiction,1994
Mel,Gibson,Braveheart,1995
Mike,Figgis,Leaving Las Vegas,1995
Chris,Noonan,Babe,1995
Michael,Radford,Il Postino: The Postman,1995
Tim,Robbins,Dead Man Walking,1995
Anthony,Minghella,The English Patient,1996
Joel,Coen,Fargo,1996
Miloš,Forman,The People vs. Larry Flynt,1996
Scott,Hicks,Shine,1996
Mike,Leigh,Secrets & Lies,1996
James,Cameron,Titanic,1997
Peter,Cattaneo,The Full Monty,1997
Atom,Egoyan,The Sweet Hereafter,1997
Curtis,Hanson,L.A. Confidential,1997
Gus,Van Sant,Good Will Hunting,1997
Steven,Spielberg,Saving Private Ryan,1998
Roberto,Benigni,Life Is Beautiful,1998
John,Madden,Shakespeare in Love,1998
Terrence,Malick,The Thin Red Line,1998
Peter,Weir,The Truman Show,1998
Sam,Mendes,American Beauty,1999
Lasse,Hallström,The Cider House Rules,1999
Spike,Jonze,Being John Malkovich,1999
Michael,Mann,The Insider,1999
M.,Night Shyamalan,The Sixth Sense,1999
Steven,Soderbergh,Traffic,2000
Stephen,Daldry,Billy Elliot,2000
Ang,Lee,"Crouching Tiger, Hidden Dragon",2000
Ridley,Scott,Gladiator,2000
Ron,Howard,A Beautiful Mind,2001
Robert,Altman,Gosford Park,2001
Peter,Jackson,The Lord of the Rings: The Fellowship of the Ring,2001
David,Lynch,Mulholland Drive,2001
Ridley,Scott,Black Hawk Down,2001
Roman,Polanski,The Pianist,2002
Pedro,Almodóvar,Talk to Her,2002
Stephen,Daldry,The Hours,2002
Rob,Marshall,Chicago,2002
Martin,Scorsese,Gangs of New York,2002
Peter,Jackson,The Lord of the Rings: The Return of the King,2003
Sofia,Coppola,Lost in Translation,2003
Clint,Eastwood,Mystic River,2003
Fernando,Meirelles,City of God,2003
Peter,Weir,Master and Commander: The Far Side of the World,2003
Clint,Eastwood,Million Dollar Baby,2004
Taylor,Hackford,Ray,2004
Mike,Leigh,Vera Drake,2004
Alexander,Payne,Sideways,2004
Martin,Scorsese,The Aviator,2004
Ang,Lee,Brokeback Mountain,2005
George,Clooney,"Good Night, and Good Luck",2005
Paul,Haggis,Crash,2005
Bennett,Miller,Capote,2005
Steven,Spielberg,Munich,2005
Martin,Scorsese,The Departed,2006
Clint,Eastwood,Letters from Iwo Jima,2006
Stephen,Frears,The Queen,2006
Paul,Greengrass,United 93,2006
Alejandro,González Iñárritu,Babel,2006
Joel,Coen and Ethan Coen,No Country for Old Men,2007
Paul,Thomas Anderson,There Will Be Blood,2007
Tony,Gilroy,Michael Clayton,2007
Jason,Reitman,Juno,2007
Julian,Schnabel,The Diving Bell and the Butterfly,2007
Danny,Boyle,Slumdog Millionaire,2008
Stephen,Daldry,The Reader,2008
David,Fincher,The Curious Case of Benjamin Button,2008
Ron,Howard,Frost/Nixon,2008
Gus,Van Sant,Milk,2008
Kathryn,Bigelow,The Hurt Locker,2009
James,Cameron,Avatar,2009
Lee,Daniels,Precious,2009
Jason,Reitman,Up in the Air,2009
Quentin,Tarantino,Inglourious Basterds,2009
Tom,Hooper,The King's Speech,2010
Darren,Aronofsky,Black Swan,2010
Joel,Coen and Ethan Coen,True Grit,2010
David,Fincher,The Social Network,2010
David,O. Russell,The Fighter,2010
Michel,Hazanavicius,The Artist,2011
Woody,Allen,Midnight in Paris,2011
Terrence,Malick,The Tree of Life,2011
Alexander,Payne,The Descendants,2011
Martin,Scorsese,Hugo,2011
Ang,Lee,Life of Pi,2012
Michael,Haneke,Amour,2012
David,O. Russell,Silver Linings Playbook,2012
Steven,Spielberg,Lincoln,2012
Benh,Zeitlin,Beasts of the Southern Wild,2012
Alfonso,Cuarón,Gravity,2013
Steve,McQueen,12 Years a Slave,2013
Alexander,Payne,Nebraska,2013
David,O. Russell,American Hustle,2013
Martin,Scorsese,The Wolf of Wall Street,2013
Alejandro,G. Iñárritu,Birdman,2014
Wes,Anderson,The Grand Budapest Hotel,2014
Richard,Linklater,Boyhood,2014
Bennett,Miller,Foxcatcher,2014
Morten,Tyldum,The Imitation Game,2014
Alejandro,G. Iñárritu,The Revenant,2015
Lenny,Abrahamson,Room,2015
Tom,McCarthy,Spotlight,2015
Adam,McKay,The Big Short,2015
George,Miller,Mad Max: Fury Road,2015
Damien,Chazelle,La La Land,2016
Mel,Gibson,Hacksaw Ridge,2016
Barry,Jenkins,Moonlight,2016
Kenneth,Lonergan,Manchester by the Sea,2016
Denis,Villeneuve,Arrival,2016
Guillermo,del Toro,The Shape of Water,2017
Paul,Thomas Anderson,Phantom Thread,2017
Greta,Gerwig,Lady Bird,2017
Christopher,Nolan,Dunkirk,2017
Jordan,Peele,Get Out,2017
Alfonso,Cuarón,Roma,2018
Yorgos,Lanthimos,The Favourite,2018
Spike,Lee,BlacKkKlansman,2018
Adam,McKay,Vice,2018
Paweł,Pawlikowski,Cold War,2018
Bong,Joon-ho,Parasite,2019
Sam,Mendes,1917,2019
Todd,Phillips,Joker,2019
Martin,Scorsese,The Irishman,2019
Quentin,Tarantino,Once Upon a Time in Hollywood,2019
Chloé,Zhao,Nomadland,2020
Lee,Isaac Chung,Minari,2020
Emerald,Fennell,Promising Young Woman,2020
David,Fincher,Mank,2020
Thomas,Vinterberg,Another Round,2020
Jane,Campion,The Power of the Dog,2021
Paul,Thomas Anderson,Licorice Pizza,2021
Kenneth,Branagh,Belfast,2021
Ryusuke,Hamaguchi,Drive My Car,2021
Steven,Spielberg,West Side Story,2021
Daniel,Kwan and Daniel Scheinert,Everything Everywhere All at Once,2022
Todd,Field,Tár,2022
Martin,McDonagh,The Banshees of Inisherin,2022
Ruben,Östlund,Triangle of Sadness,2022
Steven,Spielberg,The Fabelmans,2022
Christopher,Nolan,Oppenheimer,2023
Jonathan,Glazer,The Zone of Interest,2023
Yorgos,Lanthimos,Poor Things,2023
Martin,Scorsese,Killers of the Flower Moon,2023
Justine,Triet,Anatomy of a Fall,2023
Sean,Baker,Anora,2024
Jacques,Audiard,Emilia Pérez,2024
Brady,Corbet,The Brutalist,2024
Coralie,Fargeat,The Substance,2024
James,Mangold,A Complete Unknown,2024