firstName,lastName,movieTitle,releaseYear
Janet,Gaynor,7th Heaven,1927
Louise,Dresser,A Ship Comes In,1927
Gloria,Swanson,Sadie Thompson,1927
Mary,Pickford,Coquette,1928
Ruth,Chatterton,Madame X,1928
Betty,Compson,The Barker,1928
Jeanne,Eagels,The Letter,1928
Corinne,Griffith,The Divine Lady,1928
Bessie,Love,The Broadway Melody,1928
Norma,Shearer,The Divorcee,1929
Nancy,Carroll,The Devil's Holiday,1929
Ruth,Chatterton,Sarah and Son,1929
Greta,Garbo,Anna Christie,1929
Gloria,Swanson,The Trespasser,1929
Marie,Dressler,Min and Bill,1930
Marlene,Dietrich,Morocco,1930
Irene,Dunne,Cimarron,1930
Ann,Harding,Holiday,1930
Norma,Shearer,A Free Soul,1930
Helen,Hayes,The Sin of Madelon Claudet,1931
Marie,Dressler,Emma,1931
Lynn,Fontanne,The Guardsman,1931
Katharine,Hepburn,Morning Glory,1932
May,Robson,Lady for a Day,1932
Diana,Wynyard,Cavalcade,1932
Claudette,Colbert,It Happened One Night,1934
Bette,Davis,Of Human Bondage,1934
Grace,Moore,One Night of Love,1934
Norma,Shearer,The Barretts of Wimpole Street,1934
Bette,Davis,Dangerous,1935
Elisabeth,Bergner,Escape Me Never,1935
Claudette,Colbert,Private Worlds,1935
Katharine,Hepburn,Alice Adams,1935
Miriam,Hopkins,Becky Sharp,1935
Merle,Oberon,The Dark Angel,1935
Luise,Rainer,The Great Ziegfeld,1936
Irene,Dunne,Theodora Goes Wild,1936
Gladys,George,Valiant Is the Word for Carrie,1936
Carole,Lombard,My Man Godfrey,1936
Norma,Shearer,Romeo and Juliet,1936
Luise,Rainer,The Good Earth,1937
Irene,Dunne,The Awful Truth,1937
Greta,Garbo,Camille,1937
Janet,Gaynor,A Star Is Born,1937
Barbara,Stanwyck,Stella Dallas,1937
Bette,Davis,Jezebel,1938
Fay,Bainter,White Banners,1938
Wendy,Hiller,Pygmalion,1938
Norma,Shearer,Marie Antoinette,1938
Margaret,Sullavan,Three Comrades,1938
Vivien,Leigh,Gone with the Wind,1939
Bette,Davis,Dark Victory,1939
Irene,Dunne,Love Affair,1939
Greta,Garbo,Ninotchka,1939
Greer,Garson,"Goodbye, Mr. Chips",1939
Ginger,Rogers,Kitty Foyle,1940
Bette,Davis,The Letter,1940
Joan,Fontaine,Rebecca,1940
Katharine,Hepburn,The Philadelphia Story,1940
Martha,Scott,Our Town,1940
Joan,Fontaine,Suspicion,1941
Bette,Davis,The Little Foxes,1941
Olivia,de Havilland,Hold Back the Dawn,1941
Greer,Garson,Blossoms in the Dust,1941
Barbara,Stanwyck,Ball of Fire,1941
Greer,Garson,Mrs. Miniver,1942
Bette,Davis,"Now, Voyager",1942
Katharine,Hepburn,Woman of the Year,1942
Rosalind,Russell,My Sister Eileen,1942
Teresa,Wright,The Pride of the Yankees,1942
Jennifer,Jones,The Song of Bernadette,1943
Jean,Arthur,The More the Merrier,1943
Ingrid,Bergman,For Whom the Bell Tolls,1943
Joan,Fontaine,The Constant Nymph,1943
Greer,Garson,Madame Curie,1943
Ingrid,Bergman,Gaslight,1944
Claudette,Colbert,Since You Went Away,1944
Bette,Davis,Mr. Skeffington,1944
Greer,Garson,Mrs. Parkington,1944
Barbara,Stanwyck,Double Indemnity,1944
Joan,Crawford,Mildred Pierce,1945
Ingrid,Bergman,The Bells of St. Mary's,1945
Greer,Garson,The Valley of Decision,1945
Jennifer,Jones,Love Letters,1945
Gene,Tierney,Leave Her to Heaven,1945
Olivia,de Havilland,To Each His Own,1946
Celia,Johnson,Brief Encounter,1946
Jennifer,Jones,Duel in the Sun,1946
Rosalind,Russell,Sister Kenny,1946
Jane,Wyman,The Yearling,1946
Loretta,Young,The Farmer's Daughter,1947
Joan,Crawford,Possessed,1947
Susan,Hayward,"Smash-Up, the Story of a Woman",1947
Dorothy,McGuire,Gentleman's Agreement,1947
Rosalind,Russell,Mourning Becomes Electra,1947
Jane,Wyman,Johnny Belinda,1948
Ingrid,Bergman,Joan of Arc,1948
Olivia,de Havilland,The Snake Pit,1948
Irene,Dunne,I Remember Mama,1948
Barbara,Stanwyck,"Sorry, Wrong Number",1948
Olivia,de Havilland,The Heiress,1949
Jeanne,Crain,Pinky,1949
Susan,Hayward,My Foolish Heart,1949
Deborah,Kerr,"Edward, My Son",1949
Loretta,Young,Come to the Stable,1949
Judy,Holliday,Born Yesterday,1950
Anne,Baxter,All About Eve,1950
Eleanor,Parker,Caged,1950
Gloria,Swanson,Sunset Boulevard,1950
Vivien,Leigh,A Streetcar Named Desire,1951
Katharine,Hepburn,The African Queen,1951
Eleanor,Parker,Detective Story,1951
Shelley,Winters,A Place in the Sun,1951
Jane,Wyman,The Blue Veil,1951
Shirley,Booth,"Come Back, Little Sheba",1952
Joan,Crawford,Sudden Fear,1952
Bette,Davis,The Star,1952
Julie,Harris,The Member of the Wedding,1952
Susan,Hayward,With a Song in My Heart,1952
Audrey,Hepburn,Roman Holiday,1953
Leslie,Caron,Lili,1953
Ava,Gardner,Mogambo,1953
Deborah,Kerr,From Here to Eternity,1953
Maggie,McNamara,The Moon Is Blue,1953
Grace,Kelly,The Country Girl,1954
Dorothy,Dandridge,Carmen Jones,1954
Judy,Garland,A Star Is Born,1954
Audrey,Hepburn,Sabrina,1954
Jane,Wyman,Magnificent Obsession,1954
Anna,Magnani,The Rose Tattoo,1955
Susan,Hayward,I'll Cry Tomorrow,1955
Katharine,Hepburn,Summertime,1955
Jennifer,Jones,Love is a Many-Splendored Thing,1955
Eleanor,Parker,Interrupted Melody,1955
Ingrid,Bergman,Anastasia,1956
Carroll,Baker,Baby Doll,1956
Katharine,Hepburn,The Rainmaker,1956
Nancy,Kelly,The Bad Seed,1956
Deborah,Kerr,The King and I,1956
Joanne,Woodward,The Three Faces of Eve,1957
Deborah,Kerr,"Heaven Knows, Mr. Allison",1957
Anna,Magnani,Wild Is the Wind,1957
Elizabeth,Taylor,Raintree County,1957
Lana,Turner,Peyton Place,1957
Susan,Hayward,I Want to Live!,1958
Deborah,Kerr,Separate Tables,1958
Shirley,MacLaine,Some Came Running,1958
Rosalind,Russell,Auntie Mame,1958
Elizabeth,Taylor,Cat on a Hot Tin Roof,1958
Simone,Signoret,Room at the Top,1959
Doris,Day,Pillow Talk,1959
Audrey,Hepburn,The Nun's Story,1959
Katharine,Hepburn,"Suddenly, Last Summer",1959
Elizabeth,Taylor,BUtterfield 8,1960
Greer,Garson,Sunrise at Campobello,1960
Deborah,Kerr,The Sundowners,1960
Shirley,MacLaine,The Apartment,1960
Melina,Mercouri,Never on Sunday,1960
Sophia,Loren,Two Women,1961
Audrey,Hepburn,Breakfast at Tiffany's,1961
Piper,Laurie,The Hustler,1961
Geraldine,Page,Summer and Smoke,1961
Natalie,Wood,Splendor in the Grass,1961
Anne,Bancroft,The Miracle Worker,1962
Bette,Davis,What Ever Happened to Baby Jane?,1962
Katharine,Hepburn,Long Day's Journey into Night,1962
Geraldine,Page,Sweet Bird of Youth,1962
Lee,Remick,Days of Wine and Roses,1962
Patricia,Neal,Hud,1963
Leslie,Caron,The L-Shaped Room,1963
Shirley,MacLaine,Irma la Douce,1963
Rachel,Roberts,This Sporting Life,1963
Natalie,Wood,Love with the Proper Stranger,1963
Julie,Andrews,Mary Poppins,1964
Anne,Bancroft,The Pumpkin Eater,1964
Sophia,Loren,Marriage Italian Style,1964
Debbie,Reynolds,The Unsinkable Molly Brown,1964
Kim,Stanley,Séance on a Wet Afternoon,1964
Julie,Christie,Darling,1965
Julie,Andrews,The Sound of Music,1965
Samantha,Eggar,The Collector,1965
Elizabeth,Hartman,A Patch of Blue,1965
Simone,Signoret,Ship of Fools,1965
Elizabeth,Taylor,Who's Afraid of Virginia Woolf?,1966
Anouk,Aimée,A Man and a Woman,1966
Ida,Kamińska,The Shop on Main Street,1966
Lynn,Redgrave,Georgy Girl,1966
Vanessa,Redgrave,Morgan!,1966
Katharine,Hepburn,Guess Who's Coming to Dinner,1967
Anne,Bancroft,The Graduate,1967
Faye,Dunaway,Bonnie and Clyde,1967
Edith,Evans,The Whisperers,1967
Audrey,Hepburn,Wait Until Dark,1967
Katharine,Hepburn,The Lion in Winter,1968
Barbra,Streisand,Funny Girl,1968
Patricia,Neal,The Subject Was Roses,1968
Vanessa,Redgrave,Isadora,1968
Joanne,Woodward,"Rachel, Rachel",1968
Maggie,Smith,The Prime of Miss Jean Brodie,1969
Geneviève,Bujold,Anne of the Thousand Days,1969
Jane,Fonda,"They Shoot Horses, Don't They?",1969
Liza,Minnelli,The Sterile Cuckoo,1969
Jean,Simmons,The Happy Ending,1969
Glenda,Jackson,Women in Love,1970
Jane,Alexander,The Great White Hope,1970
Ali,MacGraw,Love Story,1970
Sarah,Miles,Ryan's Daughter,1970
Carrie,Snodgress,Diary of a Mad Housewife,1970
Jane,Fonda,Klute,1971
Julie,Christie,McCabe & Mrs. Miller,1971
Glenda,Jackson,Sunday Bloody Sunday,1971
Vanessa,Redgrave,"Mary, Queen of Scots",1971
Janet,Suzman,Nicholas and Alexandra,1971
Liza,Minnelli,Cabaret,1972
Diana,Ross,Lady Sings the Blues,1972
Maggie,Smith,Travels with My Aunt,1972
Cicely,Tyson,Sounder,1972
Liv,Ullmann,The Emigrants,1972
Glenda,Jackson,A Touch of Class,1973
Ellen,Burstyn,The Exorcist,1973
Marsha,Mason,Cinderella Liberty,1973
Barbra,Streisand,The Way We Were,1973
Joanne,Woodward,"Summer Wishes, Winter Dreams",1973
Ellen,Burstyn,Alice Doesn't Live Here Anymore,1974
Diahann,Carroll,Claudine,1974
Faye,Dunaway,Chinatown,1974
Valerie,Perrine,Lenny,1974
Gena,Rowlands,A Woman Under the Influence,1974
Louise,Fletcher,One Flew Over the Cuckoo's Nest,1975
Isabelle,Adjani,The Story of Adele H.,1975
Ann-Margret,,Tommy,1975
Glenda,Jackson,Hedda,1975
Carol,Kane,Hester Street,1975
Faye,Dunaway,Network,1976
Marie-Christine,Barrault,Cousin Cousine,1976
Talia,Shire,Rocky,1976
Sissy,Spacek,Carrie,1976
Liv,Ullmann,Face to Face,1976
Diane,Keaton,Annie Hall,1977
Anne,Bancroft,The Turning Point,1977
Jane,Fonda,Julia,1977
Shirley,MacLaine,The Turning Point,1977
Marsha,Mason,The Goodbye Girl,1977
Jane,Fonda,Coming Home,1978
Ingrid,Bergman,Autumn Sonata,1978
Ellen,Burstyn,"Same Time, Next Year",1978
Jill,Clayburgh,An Unmarried Woman,1978
Geraldine,Page,Interiors,1978
Sally,Field,Norma Rae,1979
Jill,Clayburgh,Starting Over,1979
Jane,Fonda,The China Syndrome,1979
Marsha,Mason,Chapter Two,1979
Bette,Midler,The Rose,1979
Sissy,Spacek,Coal Miner's Daughter,1980
Ellen,Burstyn,Resurrection,1980
Goldie,Hawn,Private Benjamin,1980
Mary,Tyler Moore,Ordinary People,1980
Gena,Rowlands,Gloria,1980
Katharine,Hepburn,On Golden Pond,1981
Diane,Keaton,Reds,1981
Marsha,Mason,Only When I Laugh,1981
Susan,Sarandon,Atlantic City,1981
Meryl,Streep,The French Lieutenant's Woman,1981
Meryl,Streep,Sophie's Choice,1982
Julie,Andrews,Victor/Victoria,1982
Jessica,Lange,Frances,1982
Sissy,Spacek,Missing,1982
Debra,Winger,An Officer and a Gentleman,1982
Shirley,MacLaine,Terms of Endearment,1983
Jane,Alexander,Testament,1983
Meryl,Streep,Silkwood,1983
Julie,Walters,Educating Rita,1983
Debra,Winger,Terms of Endearment,1983
Sally,Field,Places in the Heart,1984
Judy,Davis,A Passage to India,1984
Jessica,Lange,Country,1984
Vanessa,Redgrave,The Bostonians,1984
Sissy,Spacek,The River,1984
Geraldine,Page,The Trip to Bountiful,1985
Anne,Bancroft,Agnes of God,1985
Whoopi,Goldberg,The Color Purple,1985
Jessica,Lange,Sweet Dreams,1985
Meryl,Streep,Out of Africa,1985
Marlee,Matlin,Children of a Lesser God,1986
Jane,Fonda,The Morning After,1986
Sissy,Spacek,Crimes of the Heart,1986
Kathleen,Turner,Peggy Sue Got Married,1986
Sigourney,Weaver,Aliens,1986
Cher,,Moonstruck,1987
Glenn,Close,Fatal Attraction,1987
Holly,Hunter,Broadcast News,1987
Sally,Kirkland,Anna,1987
Meryl,Streep,Ironweed,1987
Jodie,Foster,The Accused,1988
Glenn,Close,Dangerous Liaisons,1988
Melanie,Griffith,Working Girl,1988
Meryl,Streep,A Cry in the Dark,1988
Sigourney,Weaver,Gorillas in the Mist,1988
Jessica,Tandy,Driving Miss Daisy,1989
Isabelle,Adjani,Camille Claudel,1989
Pauline,Collins,Shirley Valentine,1989
Jessica,Lange,Music Box,1989
Michelle,Pfeiffer,The Fabulous Baker Boys,1989
Kathy,Bates,Misery,1990
Anjelica,Huston,The Grifters,1990
Julia,Roberts,Pretty Woman,1990
Meryl,Streep,Postcards from the Edge,1990
Joanne,Woodward,Mr. & Mrs. Bridge,1990
Jodie,Foster,The Silence of the Lambs,1991
Geena,Davis,Thelma & Louise,1991
Laura,Dern,Rambling Rose,1991
Bette,Midler,For the Boys,1991
Susan,Sarandon,Thelma & Louise,1991
Emma,Thompson,Howards End,1992
Catherine,Deneuve,Indochine,1992
Mary,McDonnell,Passion Fish,1992
Michelle,Pfeiffer,Love Field,1992
Susan,Sarandon,Lorenzo's Oil,1992
Holly,Hunter,The Piano,1993
Angela,Bassett,What's Love Got to Do with It,1993
Stockard,Channing,Six Degrees of Separation,1993
Emma,Thompson,The Remains of the Day,1993
Debra,Winger,Shadowlands,1993
Jessica,Lange,Blue Sky,1994
Jodie,Foster,Nell,1994
Miranda,Richardson,Tom & Viv,1994
Winona,Ryder,Little Women,1994
Susan,Sarandon,The Client,1994
Susan,Sarandon,Dead Man Walking,1995
Elisabeth,Shue,Leaving Las Vegas,1995
Sharon,Stone,Casino,1995
Meryl,Streep,The Bridges of Madison County,1995
Emma,Thompson,Sense and Sensibility,1995
Frances,McDormand,Fargo,1996
Brenda,Blethyn,Secrets & Lies,1996
Diane,Keaton,Marvin's Room,1996
Kristin,Scott Thomas,The English Patient,1996
Emily,Watson,Breaking the Waves,1996
Helen,Hunt,As Good as It Gets,1997
Helena,Bonham Carter,The Wings of the Dove,1997
Julie,Christie,Afterglow,1997
Judi,Dench,Mrs Brown,1997
Kate,Winslet,Titanic,1997
Gwyneth,Paltrow,Shakespeare in Love,1998
Cate,Blanchett,Elizabeth,1998
Fernanda,Montenegro,Central Station,1998
Meryl,Streep,One True Thing,1998
Emily,Watson,Hilary and Jackie,1998
Hilary,Swank,Boys Don't Cry,1999
Annette,Bening,American Beauty,1999
Janet,McTeer,Tumbleweeds,1999
Julianne,Moore,The End of the Affair,1999
Meryl,Streep,Music of the Heart,1999
Julia,Roberts,Erin Brockovich,2000
Joan,Allen,The Contender,2000
Juliette,Binoche,Chocolat,2000
Ellen,Burstyn,Requiem for a Dream,2000
Laura,Linney,You Can Count on Me,2000
Halle,Berry,Monster's Ball,2001
Judi,Dench,Iris,2001
Nicole,Kidman,Moulin Rouge!,2001
Sissy,Spacek,In the Bedroom,2001
Renée,Zellweger,Bridget Jones's Diary,2001
Nicole,Kidman,The Hours,2002
Salma,Hayek,Frida,2002
Diane,Lane,Unfaithful,2002
Julianne,Moore,Far from Heaven,2002
Renée,Zellweger,Chicago,2002
Charlize,Theron,Monster,2003
Keisha,Castle-Hughes,Whale Rider,2003
Diane,Keaton,Something's Gotta Give,2003
Samantha,Morton,In America,2003
Naomi,Watts,21 Grams,2003
Hilary,Swank,Million Dollar Baby,2004
Annette,Bening,Being Julia,2004
Catalina,Sandino Moreno,Maria Full of Grace,2004
Imelda,Staunton,Vera Drake,2004
Kate,Winslet,Eternal Sunshine of the Spotless Mind,2004
Reese,Witherspoon,Walk the Line,2005
Judi,Dench,Mrs Henderson Presents,2005
Felicity,Huffman,Transamerica,2005
Keira,Knightley,Pride & Prejudice,2005
Charlize,Theron,North Country,2005
Helen,Mirren,The Queen,2006
Penélope,Cruz,Volver,2006
Judi,Dench,Notes on a Scandal,2006
Meryl,Streep,The Devil Wears Prada,2006
Kate,Winslet,Little Children,2006
Marion,Cotillard,La Vie en Rose,2007
Cate,Blanchett,Elizabeth: The Golden Age,2007
Julie,Christie,Away from Her,2007
Laura,Linney,The Savages,2007
Elliot,Page,Juno,2007
Kate,Winslet,The Reader,2008
Anne,Hathaway,Rachel Getting Married,2008
Angelina,Jolie,Changeling,2008
Melissa,Leo,Frozen River,2008
Meryl,Streep,Doubt,2008
Sandra,Bullock,The Blind Side,2009
Helen,Mirren,The Last Station,2009
Carey,Mulligan,An Education,2009
Gabourey,Sidibe,Precious,2009
Meryl,Streep,Julie & Julia,2009
Natalie,Portman,Black Swan,2010
Annette,Bening,The Kids Are All Right,2010
Nicole,Kidman,Rabbit Hole,2010
Jennifer,Lawrence,Winter's Bone,2010
Michelle,Williams,Blue Valentine,2010
Meryl,Streep,The Iron Lady,2011
Glenn,Close,Albert Nobbs,2011
Viola,Davis,The Help,2011
Rooney,Mara,The Girl with the Dragon Tattoo,2011
Michelle,Williams,My Week with Marilyn,2011
Jennifer,Lawrence,Silver Linings Playbook,2012
Jessica,Chastain,Zero Dark Thirty,2012
Emmanuelle,Riva,Amour,2012
Quvenzhané,Wallis,Beasts of the Southern Wild,2012
Naomi,Watts,The Impossible,2012
Cate,Blanchett,Blue Jasmine,2013
Amy,Adams,American Hustle,2013
Sandra,Bullock,Gravity,2013
Judi,Dench,Philomena,2013
Meryl,Streep,August: Osage County,2013
Julianne,Moore,Still Alice,2014
Marion,Cotillard,"Two Days, One Night",2014
Felicity,Jones,The Theory of Everything,2014
Rosamund,Pike,Gone Girl,2014
Reese,Witherspoon,Wild,2014
Brie,Larson,Room,2015
Cate,Blanchett,Carol,2015
Jennifer,Lawrence,Joy,2015
Charlotte,Rampling,45 Years,2015
Saoirse,Ronan,Brooklyn,2015
Emma,Stone,La La Land,2016
Isabelle,Huppert,Elle,2016
Ruth,Negga,Loving,2016
Natalie,Portman,Jackie,2016
Meryl,Streep,Florence Foster Jenkins,2016
Frances,McDormand,"Three Billboards Outside Ebbing, Missouri",2017
Sally,Hawkins,The Shape of Water,2017
Margot,Robbie,"I, Tonya",2017
Saoirse,Ronan,Lady Bird,2017
Meryl,Streep,The Post,2017
Olivia,Colman,The Favourite,2018
Yalitza,Aparicio,Roma,2018
Glenn,Close,The Wife,2018
Lady,Gaga,A Star Is Born,2018
Melissa,McCarthy,Can You Ever Forgive Me?,2018
Renée,Zellweger,Judy,2019
Cynthia,Erivo,Harriet,2019
Scarlett,Johansson,Marriage Story,2019
Saoirse,Ronan,Little Women,2019
Charlize,Theron,Bombshell,2019
Frances,McDormand,Nomadland,2020
Viola,Davis,Ma Rainey's Black Bottom,2020
Andra,Day,The United States vs. Billie Holiday,2020
Vanessa,Kirby,Pieces of a Woman,2020
Carey,Mulligan,Promising Young Woman,2020
Jessica,Chastain,The Eyes of Tammy Faye,2021
Olivia,Colman,The Lost Daughter,2021
Penélope,Cruz,Parallel Mothers,2021
Nicole,Kidman,Being the Ricardos,2021
Kristen,Stewart,Spencer,2021
Michelle,Yeoh,Everything Everywhere All at Once,2022
Cate,Blanchett,Tár,2022
Ana,de Armas,Blonde,2022
Andrea,Riseborough,To Leslie,2022
Michelle,Williams,The Fabelmans,2022
Emma,Stone,Poor Things,2023
Annette,Bening,Nyad,2023
Lily,Gladstone,Killers of the Flower Moon,2023
Sandra,Hüller,Anatomy of a Fall,2023
Carey,Mulligan,Maestro,2023
Mikey,Madison,Anora,2024
Cynthia,Erivo,Wicked,2024
Karla,Sofía Gascón,Emilia Pérez,2024
Demi,Moore,The Substance,2024
Fernanda,Torres,I'm Still Here,2024
