firstName,lastName,movieTitle,releaseYear
John,Ford,The Battle of Midway,1942
Ken,G. Hall,Kokoda Front Line!,1942
Nicola,Napoli,Moscow Strikes Back,1942
Frank,Capra,Prelude to War,1942
Frederic,Ullman Jr.,Conquer by the Clock,1942
Slavko,Vorkapich,Conquer by the Clock,1942
Walt,Disney,The Grain That Built a Hemisphere,1942
Victor,Stoloff,Little Isles of Freedom,1942
Walt,Disney,The New Spirit,1942
William,H. Pine,The Price of Victory,1942
William,C. Thomas,We Refuse to Die,1942
Edward,Steichen,The Fighting Lady,1944
Sid,Rogell,Design for Death,1947
Richard,Fleischer,Design for Death,1947
Paul,Rotha,The World Is Rich,1947
Orville,O. Dull,The Secret Land,1948
Janice,Loeb,The Quiet One,1948
Paul,F. Heard,Kenji Comes Home,1949
Robert,Snyder,The Titan: Story of Michelangelo,1950
Jack,Arnold,With These Hands,1950
Lee,Goodman,With These Hands,1950
Olle,Nordemar,Kon-Tiki,1951
Bryan,Foy,I Was a Communist for the F.B.I.,1951
Irwin,Allen,The Sea Around Us,1952
Dore,Schary,The Hoaxters,1952
Hall,Bartlett,Navajo,1952
Walt,Disney,The Living Desert,1953
John,Taylor,The Conquest of Everest,1953
Leon,Clore,The Conquest of Everest,1953
Grahame,Tharp,The Conquest of Everest,1953
Castleton,Knight,A Queen Is Crowned,1953
Walt,Disney,The Vanishing Prairie,1954
Guy,Glover,The Stratford Adventure,1954
Nancy,Hamilton,Helen Keller in Her Story,1955
René,Risacher,Heartbreak Ridge,1955
Jacques-Yves,Cousteau,The Silent World,1956
Louis,Clyde Stoumen,The Naked Eye,1956
Jerome,Hill,Albert Schweitzer,1957
Lionel,Rogosin,On the Bowery,1957
Manuel,Barbachano Ponce,Torero!,1957
Ben,Sharpsteen,White Wilderness,1958
James,Carr,Antarctic Crossing,1958
Robert,Snyder,The Hidden World,1958
Nathan,Zucker,Psychiatric Nursing,1958
Bernhard,Grzimek,Serengeti Shall Not Die,1959
David,L. Wolper,The Race for Space,1959
Larry,Lansburgh,The Horse with the Flying Tail,1960
Arthur,Cohn,Le Ciel et la Boue (Sky Above and Mud Beneath),1961
René,Lafuite,Le Ciel et la Boue (Sky Above and Mud Beneath),1961
Louis,Clyde Stoumen,Black Fox,1962
Hugo,Niebeling,Alvorada (Brazil's Changing Face),1962
Paul,de Roubaix,Le Maillon et la Chaine (The Link and the Chain),1963
Marshall,Flaum,The Yanks Are Coming,1963
Jacques-Yves,Cousteau,Jacques-Yves Cousteau's World without Sun,1964
Jack,Le Vien,The Finest Hours,1964
Mel,Stuart,Four Days in November,1964
Bert,Haanstra,The Human Dutch,1964
Jean,Aurel,"Over There, 1914–18",1964
Sidney,Glazier,The Eleanor Roosevelt Story,1965
Laurence,E. Mascott,The Battle of the Bulge... The Brave Rifles,1965
Marshall,Flaum,Let My People Go,1965
Frédéric,Rossif,To Die in Madrid,1965
Peter,Watkins,The War Game,1966
Alfred,R. Kelman,The Face of a Genius,1966
Tom,Daly,Helicopter Canada,1966
Alex,Grasshoff,The Really Big Family,1966
Haroun,Tazieff,Le Volcan Interdit (The Forbidden Volcano),1966
Pierre,Schoendoerffer,The Anderson Platoon,1967
Murray,Lerner,Festival,1967
Carroll,Ballard,Harvest,1967
Jack,Le Vien,A King's Story,1967
William,C. Jersey,A Time for Burning,1967
James,Blue,A Few Notes on Our Food Problem,1968
William,Cayton,The Legendary Champions,1968
David,H. Sawyer,Other Voices,1968
Bernard,Chevry,Arthur Rubinstein – The Love of Life,1969
Emile,de Antonio,In the Year of the Pig,1969
Irwin,Rosten,The Wolf Men,1969
Dr.,Harald Reinl,Chariots of the Gods,1970
Jim,Jacobs,Jack Johnson,1970
Ely,Landau,King: A Filmed Record... Montgomery to Memphis,1970
Walon,Green,The Hellstrom Chronicle,1971
Alan,Landsburg,Alaska Wilderness Lake,1971
Bruce,Brown,On Any Sunday,1971
Lennart,Ehrenborg,The RA Expeditions,1971
Thor,Heyerdahl,The RA Expeditions,1971
Marcel,Ophüls,The Sorrow and the Pity,1971
Howard,Smith,Marjoe,1972
Sarah,Kernochan,Marjoe,1972
Bert,Haanstra,Ape and Super-Ape,1972
Marvin,Worth,Malcolm X,1972
Arnold,Perl,Malcolm X,1972
Robert,Hendrickson,Manson,1972
Laurence,Merrick,Manson,1972
Eckehard,Munck,The Silent Revolution,1972
Kieth,Merrill,The Great American Cowboy,1973
John,D. Goodell,Always a New Beginning,1973
Alexander,Grasshoff,Journey to the Outer Limits,1973
Gertrude,Ross Marks,Walls of Fire,1973
Peter,Davis,Hearts and Minds,1974
Bert,Schneider,Hearts and Minds,1974
Judy,Collins,Antonia: A Portrait of the Woman,1974
Jill,Godmilow,Antonia: A Portrait of the Woman,1974
Herbert,Kline,The Challenge... A Tribute to Modern Art,1974
Haim,Gouri,The 81st Blow,1974
F.,R. Crawley,The Man Who Skied Down Everest,1975
Walter,F. Parkes,The California Reich,1975
Irwin,Rosten,The Incredible Machine,1975
Shirley,MacLaine,The Other Half of the Sky: A China Memoir,1975
Barbara,Kopple,"Harlan County, U.S.A.",1976
David,Koff,People of the Wind,1976
Donald,Brittain,Volcano: An Inquiry into the Life and Death of Malcolm Lowry,1976
John,Korty,Who Are the DeBolts? And Where Did They Get Nineteen Kids?,1977
Robert,Dornhelm,The Children of Theatre Street,1977
Earle,Mack,The Children of Theatre Street,1977
Tony,Ianzelo,High Grass Circus,1977
Harry,Rasky,Homage to Chagall: The Colours of Love,1977
Jim,Klein,Union Maids,1977
Arnold,Shapiro,Scared Straight!,1978
Albert,Lamorisse,The Lovers' Wind,1978
Alan,Root,Mysterious Castles of Clay,1978
Jean-Pierre,Dutilleux,Raoni,1978
Ira,Wohl,Best Boy,1979
Paul,Cowan,Going the Distance,1979
Jacques,Bobet,Going the Distance,1979
Tom,Priestley,The Killing Ground,1979
Barry,Alexander Brown,The War at Home,1979
Murray,Lerner,From Mao to Mozart: Isaac Stern in China,1980
Jon,H. Else,The Day After Trinity,1980
David,Bradbury,Front Line,1980
Arthur,Cohn,The Yellow Star: The Persecution of the Jews in Europe 1933-45,1980
Arnold,Schwartzman,Genocide,1981
Marvin,Hier,Genocide,1981
Ken,Burns,Brooklyn Bridge,1981
Boyd,Estus,Eight Minutes to Midnight: A Portrait of Dr. Helen Caldicott,1981
John,Zaritsky,Just Another Missing Kid,1982
Sturla,Gunnarsson,After the Axe,1982
Emile,Ardolino,He Makes Me Feel Like Dancin',1983
Richard,Kotuk,Children of Darkness,1983
Bob,Connolly,First Contact,1983
Robin,Anderson,First Contact,1983
Julia,Reichert,Seeing Red,1983
Rob,Epstein,The Times of Harvey Milk,1984
Charles,Guggenheim,High Schools,1984
Zev,Braun,Marlene,1984
Susana,Blaustein Muñoz,Las Madres: The Mothers of Plaza de Mayo,1985
Lourdes,Portillo,Las Madres: The Mothers of Plaza de Mayo,1985
Japhet,Asher,Soldiers in Hiding,1985
Ken,Burns,The Statue of Liberty,1985
Steven,Okazaki,Unfinished Business,1985
Brigitte,Berman,Artie Shaw: Time Is All You've Got,1986
Joseph,Feury,Down and Out in America,1986
David,Bradbury,Chile: Hasta Cuando?,1986
Kirk,Simon,Isaac in America: A Journey with Isaac Bashevis Singer,1986
Sharon,I. Sopher,Witness to Apartheid,1986
Aviva,Slesin,The Ten-Year Lunch: The Wit and Legend of the Algonquin Round Table,1987
Callie,Crossley,Eyes on the Prize: America's Civil Rights Years/Bridge to Freedom 1965,1987
John,W. Dower,Hellfire: A Journey from Hiroshima,1987
Robert,Stone,Radio Bikini,1987
Marcel,Ophüls,Hôtel Terminus: The Life and Times of Klaus Barbie,1988
Robert,Bilheimer,The Cry of Reason – Beyers Naudé: An Afrikaner Speaks Out,1988
Bruce,Weber,Let's Get Lost,1988
Ginny,Durrin,Promises to Keep,1988
Renee,Tajima-Peña,Who Killed Vincent Chin?,1988
Christine,Choy,Who Killed Vincent Chin?,1988
Rob,Epstein,Common Threads: Stories from the Quilt,1989
Bill,Couturié,Common Threads: Stories from the Quilt,1989
William,Guttentag,Crack USA: County Under Siege,1989
Al,Reinert,For All Mankind,1989
William,C. Jersey,Super Chief: The Life and Legacy of Earl Warren,1989
Barbara,Kopple,American Dream,1990
Arthur,Cohn,American Dream,1990
Mark,Mori,Building Bombs,1990
Allie,Light,In the Shadow of the Stars,1991
Irving,Saraf,In the Shadow of the Stars,1991
Hava,Kohav Beller,The Restless Conscience: Resistance to Hitler Within Germany 1933-1945,1991
Bill,Miles,Liberators: Fighting on Two Fronts in World War II,1992
Nina,Rosenblum,Liberators: Fighting on Two Fronts in World War II,1992
Margaret,Smilow,Music for the Movies: Bernard Herrmann,1992
Roma,Baran,Music for the Movies: Bernard Herrmann,1992
D.,A. Pennebaker,The War Room,1993
Chris,Hegedus,The War Room,1993
Freida,Lee Mock,Maya Lin: A Strong Clear Vision,1994
Deborah,Hoffmann,Complaints of a Dutiful Daughter,1994
Charles,Guggenheim,D-Day Remembered,1994
Jean,Bach,A Great Day in Harlem,1994
Jon,Blair,Anne Frank Remembered,1995
Thomas,Lennon,The Battle Over Citizen Kane,1995
Michael,Tollin,Hank Aaron: Chasing the Dream,1995
Jeanne,Jordan,Troublesome Creek: A Midwestern,1995
Steven,Ascher,Troublesome Creek: A Midwestern,1995
Leon,Gast,When We Were Kings,1996
David,Sonenberg,When We Were Kings,1996
Jo,Menell,Mandela,1996
Anne,Belle,Suzanne Farrell: Elusive Muse,1996
Deborah,Dickson,Suzanne Farrell: Elusive Muse,1996
Rick,Goldsmith,Tell the Truth and Run: George Seldes and the American Press,1996
Marvin,Hier,The Long Way Home,1997
Spike,Lee,4 Little Girls,1997
Sam,Pollard,4 Little Girls,1997
Michael,Paxton,Ayn Rand: A Sense of Life,1997
Michèle,Ohayon,Colors Straight Up,1997
William,Gazecki,Waco: The Rules of Engagement,1997
James,Moll,The Last Days,1998
Kenneth,Lipper,The Last Days,1998
Matthew,Diamond,Dancemaker,1998
Jerry,Kupfer,Dancemaker,1998
Jonathan,Stack,"The Farm: Angola, USA",1998
Liz,Garbus,"The Farm: Angola, USA",1998
Robert,B. Weide,Lenny Bruce: Swear to Tell the Truth,1998
Janet,Cole,Regret to Inform,1998
Arthur,Cohn,One Day in September,1999
Kevin,Macdonald,One Day in September,1999
Wim,Wenders,Buena Vista Social Club,1999
Ulrich,Felsberg,Buena Vista Social Club,1999
Roko,Belic,Genghis Blues,1999
Nanette,Burstein,On the Ropes,1999
Brett,Morgen,On the Ropes,1999
Lilibet,Foster,Speaking in Strings,1999
Mark,Jonathan Harris,Into the Arms of Strangers: Stories of the Kindertransport,2000
Deborah,Oppenheimer,Into the Arms of Strangers: Stories of the Kindertransport,2000
Tod,Lending,Legacy,2000
Deborah,Hoffmann,Long Night's Journey into Day,2000
Frances,Reid,Long Night's Journey into Day,2000
Roger,Weisberg,Sound and Fury,2000
Jean-Xavier,de Lestrade,Murder on a Sunday Morning,2001
Edet,Belzberg,Children Underground,2001
Deborah,Dickson,LaLee's Kin: The Legacy of Cotton,2001
Susan,Froemke,LaLee's Kin: The Legacy of Cotton,2001
Justine,Shapiro,Promises,2001
Christian,Frei,War Photographer,2001
Michael,Moore,Bowling for Columbine,2002
Michael,Donovan,Bowling for Columbine,2002
Gail,Dolgin,Daughter from Danang,2002
Malcolm,Clarke,Prisoner of Paradise,2002
Jeffrey,Blitz,Spellbound,2002
Jacques,Perrin,Winged Migration,2002
Errol,Morris,The Fog of War,2003
Michael,Williams,The Fog of War,2003
Carles,Bosch,Balseros,2003
Andrew,Jarecki,Capturing the Friedmans,2003
Marc,Smerling,Capturing the Friedmans,2003
Nathaniel,Kahn,My Architect,2003
Sam,Green,The Weather Underground,2003
Bill,Siegel,The Weather Underground,2003
Zana,Briski,Born into Brothels,2004
Byambasuren,Davaa,The Story of the Weeping Camel,2004
Luigi,Falorni,The Story of the Weeping Camel,2004
Morgan,Spurlock,Super Size Me,2004
Karolyn,Ali,Tupac: Resurrection,2004
Lauren,Lazin,Tupac: Resurrection,2004
Kirby,Dick,Twist of Faith,2004
Eddie,Schmidt,Twist of Faith,2004
Luc,Jacquet,March of the Penguins,2005
Hubert,Sauper,Darwin's Nightmare,2005
Alex,Gibney,Enron: The Smartest Guys in the Room,2005
Jason,Kliot,Enron: The Smartest Guys in the Room,2005
Henry,Alex Rubin,Murderball,2005
Dana,Adam Shapiro,Murderball,2005
Marshall,Curry,Street Fight,2005
Davis,Guggenheim,An Inconvenient Truth,2006
Amy,Berg,Deliver Us from Evil,2006
Frank,Donner,Deliver Us from Evil,2006
James,Longley,Iraq in Fragments,2006
Heidi,Ewing,Jesus Camp,2006
Rachel,Grady,Jesus Camp,2006
Jocelyn,Glatzer,"My Country, My Country",2006
Laura,Poitras,"My Country, My Country",2006
Alex,Gibney,Taxi to the Dark Side,2007
Eva,Orner,Taxi to the Dark Side,2007
Charles,Ferguson,No End in Sight,2007
Audrey,Marrs,No End in Sight,2007
Richard,Robbins,Operation Homecoming: Writing the Wartime Experience,2007
Michael,Moore,Sicko,2007
Sean,Fine,War/Dance,2007
Andrea,Nix Fine,War/Dance,2007
Simon,Chinn,Man on Wire,2008
James,Marsh,Man on Wire,2008
Ellen,Kuras,The Betrayal (Nerakhoon),2008
Thavisouk,Phrasavath,The Betrayal (Nerakhoon),2008
Werner,Herzog,Encounters at the End of the World,2008
Henry,Kaiser,Encounters at the End of the World,2008
Scott,Hamilton Kennedy,The Garden,2008
Carl,Deal,Trouble the Water,2008
Tia,Lessin,Trouble the Water,2008
Louie,Psihoyos,The Cove,2009
Fisher,Stevens,The Cove,2009
Anders,Østergaard,Burma VJ,2009
Lise,Lense-Møller,Burma VJ,2009
Robert,Kenner,"Food, Inc.",2009
Elise,Pearlstein,"Food, Inc.",2009
Judith,Ehrlich,The Most Dangerous Man in America: Daniel Ellsberg and the Pentagon Papers,2009
Rebecca,Cammisa,Which Way Home,2009
Charles,Ferguson,Inside Job,2010
Audrey,Marrs,Inside Job,2010
Jaimie,D'Cruz,Exit Through the Gift Shop,2010
Josh,Fox,Gasland,2010
Trish,Adlesic,Gasland,2010
Tim,Hetherington,Restrepo,2010
Sebastian,Junger,Restrepo,2010
Lucy,Walker,Waste Land,2010
Angus,Aynsley,Waste Land,2010
T.,J. Martin,Undefeated,2011
Daniel,Lindsay,Undefeated,2011
Rich,Middlemas,Undefeated,2011
Danfung,Dennis,Hell and Back Again,2011
Mike,Lerner,Hell and Back Again,2011
Marshall,Curry,If a Tree Falls: A Story of the Earth Liberation Front,2011
Sam,Cullman,If a Tree Falls: A Story of the Earth Liberation Front,2011
Wim,Wenders,Pina,2011
Gian-Piero,Ringel,Pina,2011
Malik,Bendjelloul,Searching for Sugar Man,2012
Simon,Chinn,Searching for Sugar Man,2012
Emad,Burnat,5 Broken Cameras,2012
Guy,Davidi,5 Broken Cameras,2012
Dror,Moreh,The Gatekeepers,2012
Philippa,Kowarsky,The Gatekeepers,2012
Estelle,Fialon,The Gatekeepers,2012
David,France,How to Survive a Plague,2012
Howard,Gertler,How to Survive a Plague,2012
Kirby,Dick,The Invisible War,2012
Amy,Ziering,The Invisible War,2012
Morgan,Neville,20 Feet from Stardom,2013
Gil,Friesen,20 Feet from Stardom,2013
Caitrin,Rogers,20 Feet from Stardom,2013
Joshua,Oppenheimer,The Act of Killing,2013
Signe,Byrge Sørensen,The Act of Killing,2013
Zachary,Heinzerling,Cutie and the Boxer,2013
Lydia,Dean Pilcher,Cutie and the Boxer,2013
Richard,Rowley,Dirty Wars,2013
Jeremy,Scahill,Dirty Wars,2013
Jehane,Noujaim,The Square,2013
Karim,Amer,The Square,2013
Laura,Poitras,Citizenfour,2014
Mathilde,Bonnefoy,Citizenfour,2014
Dirk,Wilutzky,Citizenfour,2014
John,Maloof,Finding Vivian Maier,2014
Charlie,Siskel,Finding Vivian Maier,2014
Rory,Kennedy,Last Days in Vietnam,2014
Wim,Wenders,The Salt of the Earth,2014
Juliano,Ribeiro Salgado,The Salt of the Earth,2014
David,Rosier,The Salt of the Earth,2014
Orlando,von Einsiedel,Virunga,2014
Joanna,Natasegara,Virunga,2014
Asif,Kapadia,Amy,2015
James,Gay-Rees,Amy,2015
Matthew,Heineman,Cartel Land,2015
Tom,Yellin,Cartel Land,2015
Joshua,Oppenheimer,The Look of Silence,2015
Signe,Byrge Sørensen,The Look of Silence,2015
Liz,Garbus,"What Happened, Miss Simone?",2015
Amy,Hobby,"What Happened, Miss Simone?",2015
Justin,Wilkes,"What Happened, Miss Simone?",2015
Evgeny,Afineevsky,Winter on Fire: Ukraine's Fight for Freedom,2015
Den,Tolmor,Winter on Fire: Ukraine's Fight for Freedom,2015
Ezra,Edelman,O.J.: Made in America,2016
Caroline,Waterlow,O.J.: Made in America,2016
Gianfranco,Rosi,Fire at Sea,2016
Donatella,Palermo,Fire at Sea,2016
Raoul,Peck,I Am Not Your Negro,2016
Rémi,Grellety,I Am Not Your Negro,2016
Hébert,Peck,I Am Not Your Negro,2016
Roger,Ross Williams,"Life, Animated",2016
Julie,Goldman,"Life, Animated",2016
Ava,DuVernay,13th,2016
Spencer,Averick,13th,2016
Howard,Barish,13th,2016
Bryan,Fogel,Icarus,2017
Dan,Cogan,Icarus,2017
Steve,James,Abacus: Small Enough to Jail,2017
Mark,Mitten,Abacus: Small Enough to Jail,2017
Julie,Goldman,Abacus: Small Enough to Jail,2017
Agnès,Varda,Faces Places,2017
Rosalie,Varda,Faces Places,2017
Feras,Fayyad,Last Men in Aleppo,2017
Kareem,Abeed,Last Men in Aleppo,2017
Søren,Steen Jespersen,Last Men in Aleppo,2017
Yance,Ford,Strong Island,2017
Joslyn,Barnes,Strong Island,2017
Elizabeth,Chai Vasarhelyi,Free Solo,2018
Jimmy,Chin,Free Solo,2018
Shannon,Dill,Free Solo,2018
RaMell,Ross,"Hale County This Morning, This Evening",2018
Joslyn,Barnes,"Hale County This Morning, This Evening",2018
Bing,Liu,Minding the Gap,2018
Diane,Quon,Minding the Gap,2018
Talal,Derki,Of Fathers and Sons,2018
Ansgar,Frerich,Of Fathers and Sons,2018
Eva,Kemme,Of Fathers and Sons,2018
Tobias,N. Siebert,Of Fathers and Sons,2018
Betsy,West,RBG,2018
Julie,Cohen,RBG,2018
Steven,Bognar,American Factory,2019
Julia,Reichert,American Factory,2019
Feras,Fayyad,The Cave,2019
Kirstine,Barfod,The Cave,2019
Sigrid,Dyekjær,The Cave,2019
Petra,Costa,The Edge of Democracy,2019
Joanna,Natasegara,The Edge of Democracy,2019
Shane,Boris,The Edge of Democracy,2019
Tiago,Pavan,The Edge of Democracy,2019
Waad,al-Kateab,For Sama,2019
Edward,Watts,For Sama,2019
Ljubo,Stefanov,Honeyland,2019
Tamara,Kotevska,Honeyland,2019
Pippa,Ehrlich,My Octopus Teacher,2020
Craig,Foster,My Octopus Teacher,2020
Alexander,Nanau,Collective,2020
Bianca,Oana,Collective,2020
Nicole,Newnham,Crip Camp,2020
Jim,LeBrecht,Crip Camp,2020
Maite,Alberdi,The Mole Agent,2020
Marcela,Santibáñez,The Mole Agent,2020
Garrett,Bradley,Time,2020
Lauren,Domino,Time,2020
Joseph,Patel,Summer of Soul,2021
Robert,Fyvolent,Summer of Soul,2021
David,Dinerstein,Summer of Soul,2021
Jessica,Kingdon,Ascension,2021
Kira,Simon-Kennedy,Ascension,2021
Nathan,Truesdell,Ascension,2021
Stanley,Nelson,Attica,2021
Traci,A. Curry,Attica,2021
Jonas,Poher Rasmussen,Flee,2021
Monica,Hellström,Flee,2021
Signe,Byrge Sørensen,Flee,2021
Rintu,Thomas,Writing with Fire,2021
Sushmit,Ghosh,Writing with Fire,2021
Daniel,Roher,Navalny,2022
Odessa,Rae,Navalny,2022
Shaunak,Sen,All That Breathes,2022
Teddy,Leifer,All That Breathes,2022
Laura,Poitras,All the Beauty and the Bloodshed,2022
Nan,Goldin,All the Beauty and the Bloodshed,2022
Sara,Dosa,Fire of Love,2022
Ina,Fichman,Fire of Love,2022
Monica,Hellström,A House Made of Splinters,2022
Mstyslav,Chernov,20 Days in Mariupol,2023
Michelle,Mizner,20 Days in Mariupol,2023
Raney,Aronson-Rath,20 Days in Mariupol,2023
John,Battsek,Bobi Wine: The People's President,2023
Maite,Alberdi,The Eternal Memory,2023
Kaouther,Ben Hania,Four Daughters,2023
Nisha,Pahuja,To Kill a Tiger,2023
Basel,Adra,No Other Land,2024
Yuval,Abraham,No Other Land,2024
Shiori,Itō,Black Box Diaries,2024
Brendan,Bellomo,Porcelain War,2024
Slava,Leontyev,Porcelain War,2024
Johan,Grimonprez,Soundtrack to a Coup d'Etat,2024
Julian,Brave NoiseCat,Sugarcane,2024
Emily,Kassie,Sugarcane,2024
